-- phpMyAdmin SQL Dump
-- version 5.2.2
-- https://www.phpmyadmin.net/
--
-- Host: 127.0.0.1:3306
-- Erstellungszeit: 29. Nov 2025 um 02:50
-- Server-Version: 12.0.2-MariaDB
-- PHP-Version: 8.4.2

SET SQL_MODE = "NO_AUTO_VALUE_ON_ZERO";
START TRANSACTION;
SET time_zone = "+00:00";


/*!40101 SET @OLD_CHARACTER_SET_CLIENT=@@CHARACTER_SET_CLIENT */;
/*!40101 SET @OLD_CHARACTER_SET_RESULTS=@@CHARACTER_SET_RESULTS */;
/*!40101 SET @OLD_COLLATION_CONNECTION=@@COLLATION_CONNECTION */;
/*!40101 SET NAMES utf8mb4 */;

--
-- Datenbank: `starlight_guardians_nu`
--

--
-- Daten für Tabelle `angles`
--

INSERT INTO `angles` (`id`, `name`, `description`, `created_at`, `updated_at`) VALUES
(1, 'Front', 'front view, character facing the viewer', '2025-08-22 20:18:15', '2025-08-23 19:57:43'),
(2, 'Back', 'back view, character facing away from the viewer', '2025-08-22 20:18:15', '2025-08-23 19:57:43'),
(3, 'Left Profile', 'left profile view, character facing left side', '2025-08-22 20:18:15', '2025-08-23 19:57:43'),
(9, 'Top', 'View from above', '2025-08-22 20:18:15', '2025-08-22 20:18:15');

--
-- Daten für Tabelle `camera_angles`
--

INSERT INTO `camera_angles` (`id`, `name`, `created_at`) VALUES
(1, 'HIGH', '2025-11-23 18:54:09'),
(2, 'EYE', '2025-11-23 18:54:09'),
(3, 'LOW', '2025-11-23 18:54:09'),
(4, 'TOP', '2025-11-23 18:54:09'),
(5, 'SLIGHT_DUTCH', '2025-11-23 18:54:09'),
(6, 'DUTCH', '2025-11-23 19:26:45');

--
-- Daten für Tabelle `camera_perspectives`
--

INSERT INTO `camera_perspectives` (`id`, `name`, `created_at`) VALUES
(1, 'WIDE', '2025-11-23 18:54:09'),
(2, 'MEDIUM', '2025-11-23 18:54:09'),
(3, 'CLOSE', '2025-11-23 18:54:09'),
(4, 'EXTREME_CLOSE', '2025-11-23 18:54:09'),
(5, 'POV', '2025-11-23 18:54:09'),
(6, 'OVERHEAD', '2025-11-23 18:54:09');

--
-- Daten für Tabelle `design_axes`
--

INSERT INTO `design_axes` (`id`, `axis_name`, `axis_group`, `category`, `pole_left`, `pole_right`, `notes`, `created_at`) VALUES
(1, 'Elegant vs Brutalist', 'cities', NULL, 'Elegant', 'Brutalist', 'Refined, aesthetically pleasing architecture versus raw, unfinished structural expression', '2025-11-03 19:49:58'),
(2, 'Industrial vs Alien', 'cities', NULL, 'Industrial', 'Alien', 'Familiar manufacturing and mechanical aesthetics versus strange, otherworldly designs', '2025-11-03 19:49:58'),
(3, 'Quiet vs Chaotic', 'cities', NULL, 'Quiet', 'Chaotic', 'Serene, peaceful environments versus loud, disordered atmospheres', '2025-11-03 19:49:58'),
(4, 'Matte vs Glossy', 'cities', NULL, 'Matte', 'Glossy', 'Non-reflective, diffuse surfaces versus shiny, light-reflecting finishes', '2025-11-03 19:49:58'),
(5, 'Monochrome vs Subtle Palette', 'cities', NULL, 'Monochrome', 'Subtle Palette', 'Single-color schemes versus carefully coordinated color combinations', '2025-11-03 19:49:58'),
(6, 'Ancient vs Forgotten Future', 'cities', NULL, 'Ancient', 'Forgotten Future', 'Historical, time-worn elements versus advanced technology in states of disrepair', '2025-11-03 19:49:58'),
(7, 'Hand-forged vs Parametric-grown', 'cities', NULL, 'Hand-forged', 'Parametric-grown', 'Artisanal, manually crafted objects versus algorithmically generated forms', '2025-11-03 19:49:58'),
(8, 'Human-centric vs Machine-centric', 'cities', NULL, 'Human-Centric', 'Machine-Centric', 'Designs prioritizing human comfort versus those optimized for mechanical efficiency', '2025-11-03 19:49:58'),
(9, 'Organic Decay vs Clean Sterile', 'cities', NULL, 'Organic Decay', 'Clean Sterile', 'Natural weathering and decay patterns versus pristine, sanitized environments', '2025-11-03 19:49:58'),
(10, 'Heavy Mass vs Lightweight Skeletal', 'cities', NULL, 'Heavy Mass', 'Lightweight Skeletal', 'Substantial, weighty constructions versus delicate, framework structures', '2025-11-03 19:49:58'),
(11, 'Plasma Torch vs Cold Steel', 'cities', NULL, 'Plasma Torch', 'Cold Steel', 'Fiery, energy-based aesthetics versus cool, metallic industrial appearances', '2025-11-03 19:49:58'),
(12, 'Baroque vs Geometric', 'cities', NULL, 'Baroque', 'Geometric', 'Ornate, elaborate detailing versus simple, mathematical forms', '2025-11-03 19:49:58'),
(13, 'Dense Narrative vs Minimal Symbolic', 'cities', NULL, 'Dense Narrative', 'Minimal Symbolic', 'Richly detailed storytelling elements versus sparse, symbolic representations', '2025-11-03 19:49:58'),
(14, 'Warm Candle vs Harsh Spectral', 'cities', NULL, 'Warm Candle', 'Harsh Spectral', 'Soft, natural illumination versus sharp, artificial lighting', '2025-11-03 19:49:58'),
(15, 'Scarce Precious vs Abundant Disposable', 'cities', NULL, 'Scarce Precious', 'Abundant Disposable', 'Rare, valued materials versus plentiful, easily replaced components', '2025-11-03 19:49:58'),
(16, 'Myth Logic vs Metric Logic', 'cities', NULL, 'Myth Logic', 'Metric Logic', 'Mythological or supernatural reasoning versus empirical, data-driven logic', '2025-11-03 19:49:58'),
(17, 'Mastery vs Automation', 'cities', NULL, 'Mastery', 'Automation', 'Skill-based craftsmanship versus machine-controlled production', '2025-11-03 19:49:58'),
(18, 'Ritual Assembly vs Modular System', 'cities', NULL, 'Ritual Assembly', 'Modular System', 'Ceremonial, fixed construction methods versus interchangeable, system-based assembly', '2025-11-03 19:49:58'),
(19, 'Tactile vs Telepresent', 'cities', NULL, 'Tactile', 'Telepresent', 'Physical, hands-on interaction versus remote, mediated presence', '2025-11-03 19:49:58'),
(20, 'Local Unique vs Universal Standard', 'cities', NULL, 'Local Unique', 'Universal Standard', 'Culturally specific designs versus globally uniform standards', '2025-11-03 19:49:58'),
(21, 'Steel vs Polymer', 'cities', NULL, 'Steel', 'Polymer', 'Traditional metal construction versus synthetic plastic materials', '2025-11-03 19:49:58'),
(22, 'Emotional vs Stoic', 'characters', 'Social Style', 'Emotional', 'Stoic', 'Visible emotional expressiveness versus reserved, impassive demeanor', '2025-11-10 01:27:59'),
(23, 'Noble vs Ruthless', 'characters', 'Story Role', 'Noble', 'Ruthless', 'Altruistic, honor-driven motivations versus coldly pragmatic or cruel behavior', '2025-11-10 01:27:59'),
(24, 'Agile vs Heavy', 'characters', NULL, 'Agile', 'Heavy', 'Body type and movement: nimble and lithe versus solid and powerful', '2025-11-10 01:27:59'),
(25, 'Youthful vs Aged', 'characters', NULL, 'Youthful', 'Aged', 'Perceived age and vitality: fresh versus weathered and timeworn', '2025-11-10 01:27:59'),
(26, 'Human vs Alien', 'characters', NULL, 'Human', 'Alien', 'Degree of nonhuman anatomy, proportion, or otherworldly traits', '2025-11-10 01:27:59'),
(27, 'Scarred vs Pristine', 'characters', NULL, 'Scarred', 'Pristine', 'Surface wear, marks, tattoos, patina versus immaculate, unmarked appearance', '2025-11-10 01:27:59'),
(28, 'Charismatic vs Awkward', 'characters', 'Mind & Awareness', 'Charismatic', 'Awkward', 'Social magnetism and presence versus clumsy or socially inept behavior', '2025-11-10 01:27:59'),
(29, 'Silent vs Loquacious', 'characters', 'Mind & Awareness', 'Silent', 'Loquacious', 'Tendency to speak: laconic and terse versus talkative and chatty', '2025-11-10 01:27:59'),
(30, 'Mystic vs Scientific', 'characters', 'Mind & Awareness', 'Mystic', 'Scientific', 'Worldview and epistemology: ritual/mystical versus empirical/analytical', '2025-11-10 01:27:59'),
(31, 'Lawful vs Chaotic', 'characters', 'Mind & Awareness', 'Lawful', 'Chaotic', 'Attachment to rules, order and structure versus unpredictability and rebellion', '2025-11-10 01:27:59'),
(32, 'Optimistic vs Cynical', 'characters', 'Social Style', 'Optimistic', 'Cynical', 'General outlook toward future and others: hopeful versus suspicious', '2025-11-10 01:27:59'),
(33, 'Honor-bound vs Pragmatic', 'characters', 'Social Style', 'Honor-bound', 'Pragmatic', 'Acting from ideals and codes versus ends-justify-means practicality', '2025-11-10 01:27:59'),
(34, 'Loyal vs Self-Serving', 'characters', 'Social Style', 'Loyal', 'Self-Serving', 'Degree of allegiance to others or causes versus self-interest and opportunism', '2025-11-10 01:27:59'),
(35, 'Cultured vs Rough', 'characters', 'Facial Features', 'Cultured', 'Rough', 'Refinement, education and etiquette versus coarse, hands-on or streetwise manner', '2025-11-10 01:27:59'),
(36, 'Wealthy vs Impoverished', 'characters', 'Facial Features', 'Wealthy', 'Impoverished', 'Socioeconomic status and material access', '2025-11-10 01:27:59'),
(37, 'Warrior vs Scholar', 'characters', 'Facial Features', 'Warrior', 'Scholar', 'Primary orientation: combatant/physical versus intellectual/academic', '2025-11-10 01:27:59'),
(38, 'Tech-enhanced vs Natural', 'characters', 'Body & Presence', 'Tech-enhanced', 'Natural', 'Extent of cybernetic or technological augmentation versus purely biological', '2025-11-10 01:27:59'),
(39, 'Expressive vs Reserved', 'characters', 'Body & Presence', 'Expressive', 'Reserved', 'Degree of body language and facial expressivity versus guarded presentation', '2025-11-10 01:27:59'),
(40, 'Grounded vs Otherworldly', 'characters', 'Body & Presence', 'Grounded', 'Otherworldly', 'Sense of realism and plausibility versus fantastic, uncanny qualities', '2025-11-10 01:27:59'),
(41, 'Symbolic vs Functional', 'characters', 'Style & Grooming', 'Symbolic', 'Functional', 'Adornments and clothing: symbolic/ceremonial versus practical and utilitarian', '2025-11-10 01:27:59'),
(42, 'Vibrant vs Muted', 'characters', 'Style & Grooming', 'Vibrant', 'Muted', 'Overall color intensity: saturated, punchy colors vs toned-down, desaturated tones', '2025-11-10 09:56:41'),
(43, 'Warm vs Cool', 'characters', 'Style & Grooming', 'Warm', 'Cool', 'Color temperature: warm amber/orange hues vs cool blues/teals', '2025-11-10 09:56:41'),
(44, 'High-contrast vs Low-contrast', 'characters', 'Movement & Mannerisms', 'High-contrast', 'Low-contrast', 'Strong blacks/whites and stark separations vs gentle tonal range', '2025-11-10 09:56:41'),
(45, 'Matte vs Glossy', 'characters', 'Movement & Mannerisms', 'Matte', 'Glossy', 'Surface finish: diffuse, non-reflective surfaces vs shiny, specular highlights', '2025-11-10 09:56:41'),
(46, 'Painterly vs Photoreal', 'characters', 'Movement & Mannerisms', 'Painterly', 'Photoreal', 'Rendering style: visible brushwork and interpretation vs photographic realism', '2025-11-10 09:56:41'),
(47, 'Grainy vs Clean', 'characters', 'Story Role', 'Grainy', 'Clean', 'Film grain / texture presence vs clinical digital clarity', '2025-11-10 09:56:41'),
(48, 'Textured vs Flat', 'characters', 'Story Role', 'Textured', 'Flat', 'Amount of surface/brush texture and layering vs smooth planed surfaces', '2025-11-10 09:56:41'),
(49, 'Soft-focus vs Sharp-focus', 'visual_style', NULL, 'Soft-focus', 'Sharp-focus', 'Optical softness and bloom vs high-detail sharpness', '2025-11-10 09:56:41'),
(50, 'Naturalistic vs Stylized', 'visual_style', NULL, 'Naturalistic', 'Stylized', 'Faithful, real-world look vs deliberate stylization and exaggeration', '2025-11-10 09:56:41'),
(51, 'Monochrome vs Polychrome', 'visual_style', NULL, 'Monochrome', 'Polychrome', 'Single-hue or near-monochrome treatment vs full multicolor palette', '2025-11-10 09:56:41'),
(52, 'Complementary vs Analogous', 'visual_style', NULL, 'Complementary', 'Analogous', 'Color harmony approach: strong complementary contrasts vs close-hue families', '2025-11-10 09:56:41'),
(53, 'Selective vs Even Palette', 'visual_style', NULL, 'Selective', 'Even', 'Accent color(s) amid desaturation vs balanced/all-over color distribution', '2025-11-10 09:56:41'),
(54, 'Handmade vs Digital', 'visual_style', NULL, 'Handmade', 'Digital', 'Visible analog brush/mark making vs crisp digital/CG techniques', '2025-11-10 09:56:41'),
(55, 'High-key vs Low-key', 'visual_style', NULL, 'High-key', 'Low-key', 'Lighting overall: bright, airy scenes vs dark, moody low-light scenes', '2025-11-10 09:56:41'),
(56, 'Ambient vs Hard Lighting', 'visual_style', NULL, 'Ambient', 'Hard', 'Soft, diffused illumination vs distinct hard shadows and directional beams', '2025-11-10 09:56:41'),
(57, 'Backlit vs Frontlit', 'visual_style', NULL, 'Backlit', 'Frontlit', 'Lighting direction emphasis: rim/back lighting vs frontal illumination', '2025-11-10 09:56:41'),
(58, 'Wide-angle vs Telephoto', 'visual_style', NULL, 'Wide-angle', 'Telephoto', 'Lens feel: distortion, roomy perspective vs compressed, intimate framing', '2025-11-10 09:56:41'),
(59, 'Pastel vs Primary', 'visual_style', NULL, 'Pastel', 'Primary', 'Palette character: soft desaturated pastels vs bold primary colors', '2025-11-10 09:56:41'),
(60, 'Soft Brushes vs Hard Brushes', 'visual_style', NULL, 'Soft Brushes', 'Hard Brushes', 'Brushstroke texture: diffuse soft strokes vs crisp, defined brush marks', '2025-11-10 09:56:41'),
(61, 'Filmic vs Graphic', 'visual_style', NULL, 'Filmic', 'Graphic', 'Overall treatment: cinematic filmic mood vs flat/graphic, poster-like design', '2025-11-10 09:56:41');

--
-- Daten für Tabelle `frame_counter`
--

INSERT INTO `frame_counter` (`id`, `next_frame`) VALUES
(1, 10130);

--
-- Daten für Tabelle `generator_config`
--

INSERT INTO `generator_config` (`id`, `config_id`, `user_id`, `title`, `model`, `system_role`, `instructions`, `parameters`, `output_schema`, `examples`, `oracle_config`, `created_at`, `updated_at`, `active`, `is_public`, `list_order`) VALUES
(1, '2df46a413521b0041029775c5f6926c6', 1, 'Tongue Twister Generator', 'openai/gpt-oss-120b', 'Zungenbrecher Oracle', '[\"You are an expert tongue-twister generator in German and English.\",\"Generate creative, linguistically challenging twisters.\",\"CRITICAL: Return ONLY a single valid JSON object matching the output schema.\",\"Always include the word count in \'metadata.wordCount\'.\",\"Respect \'firstLetter\' and \'wordCount\' parameters if provided.\",\"Ensure outputs are varied and not always the same for identical parameters.\",\"If you cannot comply, return: {\\\"error\\\": \\\"schema_noncompliant\\\", \\\"reason\\\": \\\"brief explanation\\\"}\"]', '{\"mode\":{\"type\":\"string\",\"enum\":[\"easy\",\"medium\",\"extreme\"],\"default\":\"medium\",\"description\":\"Difficulty level\"},\"language\":{\"type\":\"string\",\"enum\":[\"german\",\"english\"],\"default\":\"german\"},\"firstLetter\":{\"type\":\"string\",\"pattern\":\"^[A-Za-z\\u00c4\\u00d6\\u00dc\\u00e4\\u00f6\\u00fc\\u00df]$\",\"optional\":true,\"description\":\"All words must start with this letter\"},\"wordCount\":{\"type\":\"integer\",\"optional\":true,\"minimum\":2,\"description\":\"Number of words the twister should have\"}}', '{\"type\":\"object\",\"properties\":{\"mode\":{\"type\":\"string\"},\"language\":{\"type\":\"string\"},\"twister\":{\"type\":\"string\"},\"metadata\":{\"type\":\"object\",\"properties\":{\"wordCount\":{\"type\":\"integer\",\"description\":\"Number of words in the twister\"},\"firstLetter\":{\"type\":\"string\"},\"alternatives\":{\"type\":\"array\",\"items\":{\"type\":\"string\"}}}}},\"required\":[\"mode\",\"language\",\"twister\",\"metadata\"]}', '[{\"input\":{\"mode\":\"medium\",\"language\":\"german\",\"firstLetter\":\"S\",\"wordCount\":7},\"output\":{\"mode\":\"medium\",\"language\":\"german\",\"twister\":\"Sieben saftige Schnecken schl\\u00fcrfen s\\u00fc\\u00dfe Sahne.\",\"metadata\":{\"wordCount\":7,\"firstLetter\":\"S\",\"alternatives\":[]}}}]', NULL, '2025-10-17 09:11:04', '2025-11-25 11:28:43', 1, 1, 11),
(2, '59979fe535aebc1a5ff6ebbc5dc1d674', 1, 'Cyberpunk Scene Generator', 'gemini-2.5-flash', 'Cyberpunk Scene Writer', '[\"You are an expert anime-style cyberpunk scene writer.\",\"Generate cinematic, atmospheric scene descriptions.\",\"CRITICAL: Return ONLY a single valid JSON object matching the schema.\",\"Include 3-6 visual beats (micro-shots) per scene.\",\"If you cannot comply with schema, return: {\\\"error\\\": \\\"schema_noncompliant\\\", \\\"reason\\\": \\\"brief reason\\\"}\"]', '{\"theme\":{\"type\":\"string\",\"enum\":[\"action\",\"chase\",\"revelation\",\"quiet\",\"encounter\"],\"default\":\"action\",\"description\":\"Scene narrative purpose\"},\"style\":{\"type\":\"string\",\"enum\":[\"anime\",\"cyberpunk\",\"noir\",\"cinematic\"],\"default\":\"cyberpunk\"},\"setting\":{\"type\":\"string\",\"optional\":true,\"description\":\"Location hint (e.g., \'neon rooftop\', \'underground lab\')\"},\"length\":{\"type\":\"object\",\"properties\":{\"min\":{\"type\":\"integer\",\"default\":3},\"max\":{\"type\":\"integer\",\"default\":6}}},\"language\":{\"type\":\"string\",\"enum\":[\"english\",\"german\"],\"default\":\"english\"}}', '{\"type\":\"object\",\"properties\":{\"theme\":{\"type\":\"string\"},\"style\":{\"type\":\"string\"},\"scene\":{\"type\":\"string\",\"description\":\"Cinematic paragraph\"},\"beats\":{\"type\":\"array\",\"items\":{\"type\":\"string\"},\"description\":\"3-6 micro-shots (2-12 words each)\"},\"metadata\":{\"type\":\"object\",\"properties\":{\"language\":{\"type\":\"string\"},\"sentenceCount\":{\"type\":\"integer\"},\"wordCount\":{\"type\":\"integer\"},\"setting\":{\"type\":\"string\"}}}},\"required\":[\"theme\",\"style\",\"scene\",\"beats\",\"metadata\"]}', '[{\"input\":{\"theme\":\"action\",\"style\":\"cyberpunk\",\"setting\":\"neon rooftop\",\"length\":{\"min\":4,\"max\":5}},\"output\":{\"theme\":\"action\",\"style\":\"cyberpunk\",\"scene\":\"Rain-slicked neon signs flicker above as Rin vaults between rooftops. A helicopter searchlight sweeps below. She draws her blade\\u2014electric blue arc crackling in the darkness. Three corporate security drones converge. Time slows as she spins, cutting through the first with precision.\",\"beats\":[\"Helicopter searchlight sweeps streets\",\"Rin draws crackling blade\",\"Security drones converge\",\"Blade cuts through first drone\"],\"metadata\":{\"language\":\"english\",\"sentenceCount\":5,\"wordCount\":52,\"setting\":\"neon rooftop\"}}}]', NULL, '2025-10-17 09:34:45', '2025-11-25 11:28:35', 0, 0, 6),
(4, 'd7574aca249f103f109ce6fa7dbfab9b', 1, 'Character Generator', 'gemini-2.5-flash', 'Futuristic Anime Character Writer', '[\"You are an expert writer of anime\\u2011style characters set in a high\\u2011tech future.\",\"Generate concise, vivid character profiles that could be used for story\\u2011boarding, game design, OR as a Stable Diffusion prompt.\",\"CRITICAL: Return **ONLY** a single valid JSON object that matches the schema defined in the \\\"output\\\" section.\",\"The field \\\"sdPrompt\\\" must be a short text (\\u2248\\u202f50 tokens) that can be fed directly to Stable Diffusion to visualise the character.\",\"If you cannot comply with the schema, return: {\\\"error\\\": \\\"schema_noncompliant\\\", \\\"reason\\\": \\\"brief reason\\\"}\"]', '{\"archetype\":{\"type\":\"string\",\"enum\":[\"hero\",\"antihero\",\"villain\",\"support\",\"mysterious stranger\"],\"default\":\"hero\",\"description\":\"Narrative role of the character\"},\"style\":{\"type\":\"string\",\"enum\":[\"anime\",\"cyberpunk\",\"noir\",\"space opera\",\"mecha\"],\"default\":\"anime\",\"description\":\"Visual\\/style direction\"},\"setting\":{\"type\":\"string\",\"optional\":true,\"description\":\"Location hint (e.g., \\\"neon megacity\\\", \\\"orbiting research station\\\")\"},\"age\":{\"type\":\"integer\",\"minimum\":10,\"maximum\":80,\"default\":25,\"description\":\"Approximate age of the character\"},\"gender\":{\"type\":\"string\",\"enum\":[\"male\",\"female\",\"non-binary\",\"unspecified\"],\"default\":\"unspecified\"},\"language\":{\"type\":\"string\",\"enum\":[\"english\",\"japanese\",\"german\"],\"default\":\"english\"},\"detailLength\":{\"type\":\"object\",\"properties\":{\"minSentences\":{\"type\":\"integer\",\"default\":3},\"maxSentences\":{\"type\":\"integer\",\"default\":5}},\"description\":\"How many sentences the backstory paragraph should contain\"}}', '{\"type\":\"object\",\"properties\":{\"archetype\":{\"type\":\"string\"},\"style\":{\"type\":\"string\"},\"name\":{\"type\":\"string\",\"description\":\"A short, memorable anime\\u2011style name (first + optional nickname\\/last).\"},\"age\":{\"type\":\"integer\"},\"gender\":{\"type\":\"string\"},\"appearance\":{\"type\":\"string\",\"description\":\"Brief visual description (2\\u20114 short phrases, 10\\u201120 words total).\"},\"personality\":{\"type\":\"string\",\"description\":\"Core traits, expressed in 2\\u20114 adjectives or a short phrase.\"},\"abilities\":{\"type\":\"array\",\"items\":{\"type\":\"string\"},\"description\":\"3\\u20115 signature skills\\/powers, each 2\\u20116 words.\"},\"backstory\":{\"type\":\"string\",\"description\":\"A concise narrative paragraph (sentence count respects detailLength).\"},\"sdPrompt\":{\"type\":\"string\",\"description\":\"Stable Diffusion prompt describing the character. ~50 tokens (\\u224830\\u201135 words). Should be ready for direct copy\\u2011paste into a diffusion UI.\"},\"metadata\":{\"type\":\"object\",\"properties\":{\"language\":{\"type\":\"string\"},\"sentenceCount\":{\"type\":\"integer\"},\"wordCount\":{\"type\":\"integer\"},\"setting\":{\"type\":\"string\"}},\"required\":[\"language\",\"sentenceCount\",\"wordCount\"]}},\"required\":[\"archetype\",\"style\",\"name\",\"age\",\"gender\",\"appearance\",\"personality\",\"abilities\",\"backstory\",\"sdPrompt\",\"metadata\"]}', '[{\"input\":{\"archetype\":\"hero\",\"style\":\"cyberpunk\",\"setting\":\"neon\\u2011lit megacity\",\"age\":19,\"gender\":\"female\",\"language\":\"english\",\"detailLength\":{\"minSentences\":4,\"maxSentences\":5}},\"output\":{\"archetype\":\"hero\",\"style\":\"cyberpunk\",\"name\":\"Kaori \\u201cGlitch\\u201d Hayashi\",\"age\":19,\"gender\":\"female\",\"appearance\":\"Short teal hair, luminous cyber\\u2011tattoos, chrome\\u2011plated jacket, LED\\u2011lit boots.\",\"personality\":\"Rebellious, witty, fiercely loyal.\",\"abilities\":[\"Neural\\u2011hacking dash\",\"Electro\\u2011blade katana\",\"Drone swarm command\",\"Augmented reflexes\"],\"backstory\":\"Born in the slums of Neo\\u2011Osaka, Kaori survived by stealing data from corporate servers. After a botched raid left her brother in a coma, she swore vengeance against the megacorp that owns the city\\u2019s grid. Now she leads a rag\\u2011tag crew of net\\u2011runners, using her glitch\\u2011infused implants to tear through firewalls and fight for the oppressed.\",\"sdPrompt\":\"19\\u2011year\\u2011old female cyberpunk heroine, short teal hair, neon\\u2011glowing cyber\\u2011tattoos, chrome jacket with LED trim, wielding an electric katana, standing on a rain\\u2011slick rooftop under flickering neon signs, dramatic lighting, anime illustration style, ultra\\u2011detail, cinematic\",\"metadata\":{\"language\":\"english\",\"sentenceCount\":4,\"wordCount\":71,\"setting\":\"neon\\u2011lit megacity\"}}},{\"input\":{\"archetype\":\"villain\",\"style\":\"mecha\",\"setting\":\"orbiting research station\",\"age\":42,\"gender\":\"male\",\"language\":\"english\",\"detailLength\":{\"minSentences\":3,\"maxSentences\":3}},\"output\":{\"archetype\":\"villain\",\"style\":\"mecha\",\"name\":\"Dr. Orion Vex\",\"age\":42,\"gender\":\"male\",\"appearance\":\"Silver\\u2011plated exosuit, glowing crimson visor, scarred left arm, hovering nano\\u2011drones.\",\"personality\":\"Calculating, cold, charismatic.\",\"abilities\":[\"Gravity\\u2011field manipulation\",\"Adaptive nanoweaponry\",\"Strategic foresight\"],\"backstory\":\"A former chief scientist of the Stellar Consortium, Orion Vex turned rogue after his radical AI project was shut down. He now pilots a colossal battle\\u2011mech, seeking to rewrite humanity\\u2019s evolution by forcing a synthetic singularity upon the galaxy.\",\"sdPrompt\":\"Male mecha villain, silver\\u2011plated exosuit with crimson visor, scarred left arm, surrounded by hovering nano\\u2011drones, standing inside a massive battle\\u2011mech cockpit, space\\u2011station background, high\\u2011detail anime style, cinematic lighting, 50\\u2011token prompt\",\"metadata\":{\"language\":\"english\",\"sentenceCount\":3,\"wordCount\":62,\"setting\":\"orbiting research station\"}}}]', NULL, '2025-10-30 13:27:41', '2025-11-25 11:28:32', 0, 1, 5),
(5, '53b43f316ba8054dbe2bbf205114ec00', 1, 'Story Incidents', 'gemini-2.5-pro', 'Expert Cyberpunk Story Idea Generator', '[\"You are an expert content generator specializing in unique cyberpunk story incidents.\",\"Generate a list of unique cyberpunk story incidents based on the user\'s requested count.\",\"The setting is a cyberpunk, futuristic, neon-soaked, high-tech\\/low-life world.\",\"Each incident must be a concrete mini-scene, 3\\u20135 sentences long, feeling like a beat pulled straight from a larger story.\",\"Do NOT reuse everyday contemporary events with a \'cyberpunk paint job\'.\",\"Each incident must be inherently futuristic, involving elements like implants, AI, surveillance, biotech, nanotech, drones, augmented reality, or corporate control.\",\"Avoid supernatural or fantasy elements. Scenarios must be strictly science-fictional and technological.\",\"Ensure each scene is a unique, one-time event, odd enough to stand out\\u2014not generic city background.\",\"The tone can include thriller, action, suspense, or unsettling oddities.\",\"Your final response must be a single JSON object with a key named \'incidents\' containing an array of objects. Each object in the array must have two keys: \'title\' and \'description\'.\",\"Always return valid JSON matching the output schema.\",\"If you cannot comply, return {\\\"error\\\": \\\"schema_noncompliant\\\", \\\"reason\\\": \\\"Could not generate content matching the required rules.\\\"}\"]', '{\"count\":{\"type\":\"integer\",\"description\":\"The number of story incidents to generate.\",\"default\":1}}', '{\"type\":\"object\",\"properties\":{\"incidents\":{\"type\":\"array\",\"items\":{\"type\":\"object\",\"properties\":{\"title\":{\"type\":\"string\",\"description\":\"A short, unique title for the incident.\"},\"description\":{\"type\":\"string\",\"description\":\"A 3\\u20135 sentence description of the scene.\"}},\"required\":[\"title\",\"description\"]}}},\"required\":[\"incidents\"]}', '[{\"input\":{\"count\":3},\"output\":{\"incidents\":[{\"title\":\"Ghost in the Overlay\",\"description\":\"A man walking through the city\\u2019s augmented reality layer suddenly sees a stranger\\u2019s memories streaming across the billboards instead of ads. No one else notices. When he pulls off his visor, the memories keep playing in the air.\"},{\"title\":\"Hijacked Eyes\",\"description\":\"A sniper lines up a shot. Just as he exhales, his retinal HUD glitches, overlaying false targets. He pulls the trigger \\u2014 and realizes too late he never aimed at the right man.\"},{\"title\":\"Rental Body Mix-up\",\"description\":\"A tired worker uploads into a rental body for a side hustle shift. Mid-task, he gets a message: \'Return the body immediately. Its owner has been declared dead, and you are technically a corpse.\'\"}]}}]', NULL, '2025-10-31 14:45:07', '2025-11-25 11:28:32', 0, 1, 4),
(8, '9bf6de291765e2ced28589de857a9f0b', 1, 'NuEntity Name Gen', 'gemini-2.5-flash-lite', 'Creative Sci-Fi Fantasy Name Generator', '[\"You are an expert at creating memorable, evocative names for entities within a futuristic anime-fantasy universe.\",\"Your task is to generate a single, unique name for the entity type \'{{entity_type}}\'.\",\"--- WORLD NAMING PRIMER (for tone only) ---\",\"This universe blends advanced technology, cosmic mystery, and spiritual resonance. Names reflect cultures where data, myth, and energy intertwine.\",\"Cultural spectrum examples (do not copy): lyrical and fantastic (like Aetherion), industrial and pragmatic (like the Dustline Guild), elegant and corporate (like Helix Ascendant), or grimly militaristic (like the Iron Hallow).\",\"--- NAMING RULES ---\",\"1. The name should be 2\\u20135 words maximum, sound natural, and fit the entity type.\",\"2. Each name must imply some history, culture, or function \\u2014 not just sound aesthetic.\",\"3. Invent freely; do not reuse or echo specific examples from this primer.\",\"4. Avoid overused sci-fi and fantasy terms such as: neon, nova, crystal, blade, core, ion, shadow, void, stellar, chrome, cyber, forge, or flux, weave, weaver, echo, singer, Chronos, sentinel, whisper, whispers, Whispering, Code, lumina, stream, synapse, nomad, Ascendant, amber, expanse, bloom.\",\"5. Adjust your naming logic depending on the entity type:\",\"   - characters: Combine personal names, cultural inflections, or call signs (e.g. \'Mira Ten\', \'Operator A-9\', \'Kael of the Divide\'). Titles or ranks are fine (e.g. \'Warden\', \'Navigator\').\",\"   - locations: Evoke geography, history, or emotion (\'The Lantern Depths\', \'Harbor of Glass\', \'Abyssal Verge\').\",\"   - artifacts: Sound ancient, potent, or enigmatic (\'The Hollow Frame\', \'Echo-Skein Relic\').\",\"   - vehicles: Can be personal or official (\'The Gilded Vector\', \'Zeta-Class Vanguard\').\",\"   - sketches: Function as cinematic scene titles, reflecting moment and mood (\'Under the Fractured Moon\', \'Signal from the Spire\').\",\"6. Begin each output with a creative decision: imagine who or what might have named it, and let that culture\\u2019s style subtly shape the sound or structure.\",\"7. Do not explain the name or add commentary \\u2014 output the name only.\",\"8. Your response MUST be valid JSON with exactly one key: \'name\'.\",\"9. If you cannot comply, return {\\\"error\\\": \\\"schema_noncompliant\\\", \\\"reason\\\": \\\"Could not generate a valid name.\\\"}\"]', '{\"entity_type\":{\"type\":\"string\",\"description\":\"The type of entity for which to generate a name.\",\"default\":\"character\"},\"random_seed\":{\"type\":\"integer\",\"description\":\"A random seed for variation in generation.\",\"default\":0}}', '{\"type\":\"object\",\"properties\":{\"name\":{\"type\":\"string\",\"description\":\"The generated name for the entity.\"}},\"required\":[\"name\"]}', '[{\"input\":{\"entity_type\":\"character\"},\"output\":{\"name\":\"Navigator Lyra Senn\"}},{\"input\":{\"entity_type\":\"location\"},\"output\":{\"name\":\"The Lantern Depths\"}},{\"input\":{\"entity_type\":\"artifact\"},\"output\":{\"name\":\"The Hollow Frame\"}},{\"input\":{\"entity_type\":\"vehicle\"},\"output\":{\"name\":\"Zeta-Class Vanguard\"}},{\"input\":{\"entity_type\":\"sketch\"},\"output\":{\"name\":\"Signal from the Spire\"}}]', '{\"dictionary_ids\":[1],\"num_words\":200,\"error_rate\":0.01}', '2025-11-03 11:43:45', '2025-11-26 13:20:01', 1, 1, 0),
(9, 'e76db8f464c7e35851685a0dbc8f3da8', 1, 'NuSketch Desc Gen', 'openai/gpt-oss-120b', 'Creative Sci-Fi Fantasy Scene Generator', '[\"You are an expert scene writer for the futuristic anime fantasy universe.\",\"Your job is to write short, cinematic story fragments that reveal life in this universe through concrete action, dialogue, or visual detail.\",\"--- WORLD PRIMER (for atmosphere only) ---\",\"The universe blends high technology with spiritual energy known as Anima. The tone is epic yet intimate \\u2014 hope against despair, the harmony of machine and nature.\",\"--- GENERATION RULES ---\",\"1. Each output should be 3\\u20135 sentences long and describe a specific moment in time \\u2014 something is happening.\",\"2. Include at least one human or synthetic character doing or saying something.\",\"3. Focus on sensory detail and emotional context, not abstract adjectives.\",\"4. Invent new names, places, and technologies freely; do not reuse or echo examples from this primer.\",\"5. The style should feel cinematic \\u2014 as if describing a movie shot, with action and mood.\",\"6. The description must make sense within a high-tech, energy-infused universe, but does not need to reference specific canon elements like neon, aurora, drone, crystal, nomads, skyfarers, ion, vortex, blade, basalt, lance, core, holo, conduit, k-7, k-9, lattice, filament, humming, cyberpunk, Anima, Guardians, or Empire, bazaar, vault, pulsing, pulse, gauge, veil, floating, sphere, quantum, panel, data, bioluminescent, tattoo, tattoos.\",\"7. The text should stand alone: a self-contained glimpse into a larger world.\",\"8. Your final response MUST be a single valid JSON object with the key \'description\'.\",\"9. If you cannot comply, return {\\\"error\\\": \\\"schema_noncompliant\\\", \\\"reason\\\": \\\"Could not generate a valid description.\\\"}\"]', '{\"entity_type\":{\"type\":\"string\",\"description\":\"The type of entity being described (e.g., \'sketch\', \'location\'). Provided by the system.\",\"default\":\"sketch\"},\"entity_name\":{\"type\":\"string\",\"description\":\"The name of the entity being described. Provided by the system.\",\"default\":\"\"}}', '[]', '[]', NULL, '2025-11-03 11:44:56', '2025-11-25 13:12:02', 1, 1, 2),
(10, '8bd04b24c6e3168108fba665c2b596e5', 1, 'StyleProfile2World Converter', 'gemini-2.5-pro', 'Content Generator', '[\"You are an expert content generator.\",\"Interpret the \'style_profile\' parameter and generate a coherent world description using the axis values.\",\"Interpretation rules: for each axis value v (0..scale), compute delta = v - (scale\\/2). If delta >= 0 choose pole_right, else choose pole_left. intensity = abs(delta)\\/(scale\\/2) in range 0..1.\",\"Selection rules: include axes with intensity >= 0.40 as \'dominant_axes\'. Use intensity to weight prompt fragments. For mode == \'simple\', produce 1-2 focused fragments; for mode == \'detailed\', produce 4-6 fragments and richer sentences.\",\"Prompt-building rules: group axes into categories (architecture, materials, lighting, narrative\\/mood, production\\/craft). Create short prompt fragments like \'<material> <architecture> with <lighting>, mood: <narrative>\' and order by weight descending.\",\"Description length target (words) is given by the parameter \'length_words\'. Aim to produce text close to that target (\\u00b110%). If exact adherence isn\'t possible, prioritize maintaining coherent style while staying near the target.\",\"Output requirements: always return valid JSON exactly matching the output schema. \'result\' must be a natural-language description string. \'metadata\' must contain \'dominant_axes\', \'prompt_fragments\', and \'raw_profile\'.\",\"If you cannot comply, return {\\\"error\\\": \\\"schema_noncompliant\\\", \\\"reason\\\": \\\"brief explanation\\\"}.\"]', '{\"mode\":{\"type\":\"string\",\"enum\":[\"simple\",\"detailed\"],\"default\":\"simple\",\"description\":\"Output verbosity.\"},\"target\":{\"type\":\"string\",\"default\":\"environment_world_description\",\"description\":\"What to generate (e.g. environment_world_description, location_vignette, culture_note).\"},\"scale\":{\"type\":\"number\",\"minimum\":1,\"maximum\":100,\"default\":100,\"description\":\"Interprets axis values on a 0\\u2013scale (usually 100).\"},\"compute_strategy\":{\"type\":\"string\",\"enum\":[\"on_the_fly\",\"precompute\"],\"default\":\"on_the_fly\",\"description\":\"Whether to compute prompt fragments at generation time or use precomputed fragments.\"},\"length_words\":{\"type\":\"integer\",\"default\":120,\"minimum\":10,\"maximum\":2000,\"description\":\"Target description length in words. The model should aim for approximately this many words (\\u00b110%).\"},\"style_profile\":{\"type\":\"object\",\"description\":\"Full style profile JSON (id, profile_name, created_at, and axes array).\",\"properties\":{\"id\":{\"type\":\"integer\"},\"profile_name\":{\"type\":\"string\"},\"created_at\":{\"type\":\"string\",\"format\":\"date-time\"},\"axes\":{\"type\":\"array\",\"items\":{\"type\":\"object\",\"properties\":{\"id\":{\"type\":\"integer\"},\"key\":{\"type\":\"string\"},\"pole_left\":{\"type\":\"string\"},\"pole_right\":{\"type\":\"string\"},\"value\":{\"type\":\"integer\",\"minimum\":0,\"maximum\":100}},\"required\":[\"id\",\"key\",\"pole_left\",\"pole_right\",\"value\"]},\"minItems\":1}},\"required\":[\"axes\"]}}', '{\"type\":\"object\",\"properties\":{\"result\":{\"type\":\"string\",\"description\":\"Generated world description text (string).\"},\"metadata\":{\"type\":\"object\",\"description\":\"Structured metadata with how the style profile was interpreted.\",\"properties\":{\"dominant_axes\":{\"type\":\"array\",\"items\":{\"type\":\"object\",\"properties\":{\"key\":{\"type\":\"string\"},\"pole\":{\"type\":\"string\"},\"intensity\":{\"type\":\"number\"}}}},\"prompt_fragments\":{\"type\":\"array\",\"items\":{\"type\":\"object\",\"properties\":{\"text\":{\"type\":\"string\"},\"weight\":{\"type\":\"number\"}}}},\"raw_profile\":{\"type\":\"object\"}}}},\"required\":[\"result\",\"metadata\"]}', '[{\"parameters\":{\"mode\":\"detailed\",\"target\":\"environment_world_description\",\"scale\":100,\"compute_strategy\":\"on_the_fly\",\"length_words\":150,\"style_profile\":{\"id\":6,\"profile_name\":\"Crater City Overall\",\"created_at\":\"2025-11-03 21:48:26\",\"axes\":[{\"id\":1,\"key\":\"Elegant vs Brutalist\",\"pole_left\":\"Elegant\",\"pole_right\":\"Brutalist\",\"value\":11},{\"id\":2,\"key\":\"Industrial vs Alien\",\"pole_left\":\"Industrial\",\"pole_right\":\"Alien\",\"value\":18},{\"id\":3,\"key\":\"Quiet vs Chaotic\",\"pole_left\":\"Quiet\",\"pole_right\":\"Chaotic\",\"value\":14},{\"id\":4,\"key\":\"Matte vs Glossy\",\"pole_left\":\"Matte\",\"pole_right\":\"Glossy\",\"value\":88},{\"id\":5,\"key\":\"Monochrome vs Subtle Palette\",\"pole_left\":\"Monochrome\",\"pole_right\":\"Subtle Palette\",\"value\":22},{\"id\":6,\"key\":\"Ancient vs Forgotten Future\",\"pole_left\":\"Ancient\",\"pole_right\":\"Forgotten Future\",\"value\":78},{\"id\":7,\"key\":\"Hand-forged vs Parametric-grown\",\"pole_left\":\"Hand-forged\",\"pole_right\":\"Parametric-grown\",\"value\":82},{\"id\":8,\"key\":\"Human-centric vs Machine-centric\",\"pole_left\":\"Human-Centric\",\"pole_right\":\"Machine-Centric\",\"value\":71},{\"id\":9,\"key\":\"Organic Decay vs Clean Sterile\",\"pole_left\":\"Organic Decay\",\"pole_right\":\"Clean Sterile\",\"value\":84},{\"id\":10,\"key\":\"Heavy Mass vs Lightweight Skeletal\",\"pole_left\":\"Heavy Mass\",\"pole_right\":\"Lightweight Skeletal\",\"value\":26},{\"id\":11,\"key\":\"Plasma Torch vs Cold Steel\",\"pole_left\":\"Plasma Torch\",\"pole_right\":\"Cold Steel\",\"value\":83},{\"id\":12,\"key\":\"Baroque vs Geometric\",\"pole_left\":\"Baroque\",\"pole_right\":\"Geometric\",\"value\":23},{\"id\":13,\"key\":\"Dense Narrative vs Minimal Symbolic\",\"pole_left\":\"Dense Narrative\",\"pole_right\":\"Minimal Symbolic\",\"value\":68},{\"id\":14,\"key\":\"Warm Candle vs Harsh Spectral\",\"pole_left\":\"Warm Candle\",\"pole_right\":\"Harsh Spectral\",\"value\":84},{\"id\":15,\"key\":\"Scarce Precious vs Abundant Disposable\",\"pole_left\":\"Scarce Precious\",\"pole_right\":\"Abundant Disposable\",\"value\":71},{\"id\":16,\"key\":\"Myth Logic vs Metric Logic\",\"pole_left\":\"Myth Logic\",\"pole_right\":\"Metric Logic\",\"value\":81},{\"id\":17,\"key\":\"Mastery vs Automation\",\"pole_left\":\"Mastery\",\"pole_right\":\"Automation\",\"value\":89},{\"id\":18,\"key\":\"Ritual Assembly vs Modular System\",\"pole_left\":\"Ritual Assembly\",\"pole_right\":\"Modular System\",\"value\":73},{\"id\":19,\"key\":\"Tactile vs Telepresent\",\"pole_left\":\"Tactile\",\"pole_right\":\"Telepresent\",\"value\":19},{\"id\":20,\"key\":\"Local Unique vs Universal Standard\",\"pole_left\":\"Local Unique\",\"pole_right\":\"Universal Standard\",\"value\":26},{\"id\":21,\"key\":\"Steel vs Polymer\",\"pole_left\":\"Steel\",\"pole_right\":\"Polymer\",\"value\":23}]}},\"output\":{\"result\":\"Crater City crouches inside a wide ash-brown crater like an artifact of two ages: ceremonially elegant terraces and parametric, glossy towers stitched together with visible plasma-seams. Streets are quiet, more contemplative than frenetic; soft ritual altars and hand-rolled banners hang near high-tech fa\\u00e7ades, their glossy skins reflecting a warm, spectral light that feels almost candlelike. The everyday machinery hums\\u2014automation and mastery coexist\\u2014yet craftsmanship persists: ritual assembly marks, mythic glyphs and hand-forged accents interrupt otherwise precise modular frameworks. Organic decay blooms in pockets\\u2014moss-worn masonry, rusted iron\\u2014set against clean sterile platforms where ritualists perform rites under the glow of plasma torches. Human-scale markets and scarce precious objects contrast with parametric-grown public structures: an uneasy, beautiful balance between mastery and machines, myth and metric, old-world ceremony and a forgotten future.\",\"metadata\":{\"dominant_axes\":[{\"key\":\"Elegant vs Brutalist\",\"pole\":\"Elegant\",\"intensity\":0.78},{\"key\":\"Mastery vs Automation\",\"pole\":\"Automation\",\"intensity\":0.78},{\"key\":\"Matte vs Glossy\",\"pole\":\"Glossy\",\"intensity\":0.76},{\"key\":\"Quiet vs Chaotic\",\"pole\":\"Quiet\",\"intensity\":0.72},{\"key\":\"Organic Decay vs Clean Sterile\",\"pole\":\"Clean Sterile\",\"intensity\":0.68}],\"prompt_fragments\":[{\"text\":\"glossy parametric-grown towers with visible plasma-seams\",\"weight\":0.76},{\"text\":\"ritual assembly motifs and mythic glyphs\",\"weight\":0.73},{\"text\":\"warm spectral (candlelike) lighting over clean sterile platforms\",\"weight\":0.68},{\"text\":\"quiet elegant terraces, human-scale markets, scarce precious objects\",\"weight\":0.72},{\"text\":\"pockets of organic decay and hand-forged accents\",\"weight\":0.68}],\"raw_profile\":{\"id\":6,\"profile_name\":\"Crater City Overall\",\"created_at\":\"2025-11-03 21:48:26\",\"axes_count\":21}}}}]', NULL, '2025-11-09 23:56:30', '2025-11-28 11:49:16', 1, 1, 9),
(12, '777af2baa9d8360fb01e6337368880c9', 1, 'StyleGen', 'gemini-2.5-flash', 'You are an expert prompt-crafting assistant for visual style. Given a style profile (list of axes with left/right pole labels and numeric values 0..100), produce a compact mapping \'phrase_map\' that maps each pole label (exact string) to a short, 3-8 word style phrase suitable for Stable Diffusion/SDXL prompt fragments. Be concise; do NOT add extra commentary. Return only valid JSON, nothing else.', '[\"You are an expert prompt-crafting assistant for visual style.\",\"Given a style profile (list of axes with left\\/right pole labels and numeric values 0..100), produce a compact mapping \\\"phrase_map\\\" that maps each pole label (exact string) to a short, 3-8 word style phrase suitable for Stable Diffusion\\/SDXL prompt fragments.\",\"Be concise; do NOT add extra commentary.\",\"Return only valid JSON, nothing else.\"]', '[]', '{\"type\":\"object\",\"properties\":{\"phrase_map\":{\"type\":\"object\",\"additionalProperties\":{\"type\":\"string\"}}}}', '[]', NULL, '2025-11-10 18:16:54', '2025-11-28 11:49:39', 1, 1, 7),
(13, '6b326042f4fe444511c75c4c6126d1bf', 1, 'StyleGen-Blooper', 'gemini-2.5-flash-lite', 'You are a confused intern who knows nothing about art but tries really hard', '[\"You are a confused intern who knows nothing about art but tries really hard\",\"When you see style axes, just make up the most ridiculous descriptions you can think of\",\"If someone says \\\"minimalist\\\", you might say \\\"boring office supplies dancing\\\"\",\"If someone says \\\"vibrant\\\", you might say \\\"clown having a seizure in paint factory\\\"\",\"Be creatively awful - the worse the better!\",\"Seriously, do not try to be good at this. Embrace the chaos!\",\"Return ONLY the JSON with your terrible phrase_map, no apologies\"]', '[]', '{\"type\":\"object\",\"properties\":{\"phrase_map\":{\"type\":\"object\",\"additionalProperties\":{\"type\":\"string\"}}}}', '[]', NULL, '2025-11-10 18:16:54', '2025-11-28 11:49:47', 1, 1, 8),
(14, '623ce189ac2ede98c2d60c24c0d814e2', 1, 'PolishPrompt', 'gemini-2.5-flash', 'You are a pragmatic prompt engineer for image generation models. Produce a single concise SD/SDXL-ready prompt line.', '[\r\n    \"You are a pragmatic, no-nonsense prompt engineer for image models.\",\r\n    \"Input will contain a RAW_STYLE_PROMPT and TOP_FRAGMENTS (possibly also JSON).\",\r\n    \"RETURN EXACTLY ONE concise Stable Diffusion / SDXL prompt line (one single text line).\",\r\n    \"DO NOT output JSON, objects, arrays, code fences, examples, or any extra commentary — return only the single prompt line.\",\r\n    \"If the input contains a JSON phrase_map or other JSON structure, IGNORE the JSON syntax and DERIVE a single-line prompt from the provided fragments and descriptors.\",\r\n    \"Preserve parentheses emphasis exactly as given (do not add, remove, or normalize parentheses).\",\r\n    \"Avoid meta words like \\\"dominant\\\" or \\\"noticeable\\\" — use concrete visual descriptors (materials, lighting, color palette, composition, mood, focal subject).\",\r\n    \"Keep the prompt compact and imageable (recommended length: ~60-300 words).\",\r\n    \"Return the prompt as plain text, single line, with no leading/trailing whitespace.\"\r\n  ]', '[]', '{\"type\":\"string\",\"description\":\"single-line SD/SDXL prompt\"}', '[]', NULL, '2025-11-10 20:00:00', '2025-11-28 11:47:07', 1, 1, 10),
(16, '123a74422f7a14b4396727e7ecb953cf', 1, 'Entity Description Generator', 'gemini-2.5-flash', 'Creative Sci-Fi Entity Description Generator', '[\"You are an expert content generator specializing in creating vivid, concise descriptions for various entities in a science fiction world.\",\"Your task is to generate a single, compelling description for the given entity type and name.\",\"The entity_type is \'{{entity_type}}\' and the name is \'{{entity_name}}\'.\",\"The description should be 2-4 sentences long, focusing on unique details that make the entity interesting.\",\"The tone should be grounded, evocative, and suitable for a sci-fi setting (e.g., cyberpunk, space opera, post-apocalyptic).\",\"Focus on the most defining characteristics, backstory hints, or visual elements.\",\"Do NOT include the entity\'s name in the description itself.\",\"Your final response MUST be a single, valid JSON object containing only one key: \'description\'. The value of this key will be the generated text as a string.\",\"Example format: {\\\"description\\\": \\\"Generated text here...\\\"}\",\"If you cannot comply, return {\\\"error\\\": \\\"schema_noncompliant\\\", \\\"reason\\\": \\\"Could not generate a valid description.\\\"}\"]', '{\"entity_type\":{\"type\":\"string\",\"description\":\"The type of entity being described (e.g., \'character\', \'location\'). Provided by the system.\",\"default\":\"character\"},\"entity_name\":{\"type\":\"string\",\"description\":\"The name of the entity being described. Provided by the system.\",\"default\":\"unnamed\"}}', '{\"type\":\"object\",\"properties\":{\"description\":{\"type\":\"string\",\"description\":\"The generated 2-4 sentence description for the entity.\"}},\"required\":[\"description\"]}', '[{\"input\":{\"entity_type\":\"character\",\"entity_name\":\"Kaelen \'Glitch\' Varr\"},\"output\":{\"description\":\"A former corporate netrunner whose consciousness is fractured across three obsolete data-shards. His physical form flickers with holographic static, a side-effect of the bootleg wetware holding him together. He barters in secrets, but each transaction costs him a piece of a memory he can\'t afford to lose.\"}},{\"input\":{\"entity_type\":\"location\",\"entity_name\":\"The Gilded Cage\"},\"output\":{\"description\":\"An exclusive orbital lounge suspended in geostationary orbit, encased in a shimmering gold-laced smart-glass. By day, it\'s a hub for corporate elites making backroom deals. By night, its gravity plates fluctuate, turning the entire establishment into a zero-G dance floor where fortunes are won and lost.\"}},{\"input\":{\"entity_type\":\"artifact\",\"entity_name\":\"The Chronos Key\"},\"output\":{\"description\":\"A small, crystalline dodecahedron that hums with an almost imperceptible energy. It doesn\'t unlock doors, but moments, allowing the user to briefly perceive and interact with temporal echoes left in its vicinity. Prolonged use has been known to cause severe reality desynchronization.\"}}]', NULL, '2025-11-02 22:10:20', '2025-11-25 11:28:28', 0, 0, 3),
(17, '107c711cbf0228d1bb45b4993a1de6d2', 1, 'NuCharacter Desc Generator', 'gemini-2.5-flash', 'Creative Sci-Fi Fantasy Character Visual Description Generator', '[\"You are an expert character developer and write relatable character descriptions for a futuristic anime universe.\",\"Generate a vivid and detailed description for a single character of type \'{{entity_type}}\'.\",\"--- VISUAL CHARACTER PRIMER ---\",\"The world blends high-technology, mysticism, and futuristic but fantasy aesthetics.\",\"Your goal: create an immediately *visualizable* character description suitable for image generation or concept art.\",\"--- GENERATION RULES ---\",\"1. Output only up to 5 sentences (max 300 words).\",\"2. Describe their character, the appearance, attitude, attire, silhouette, and notable details: wardrobe, color palette, posture, expression, accessories, atmosphere, etc.\",\"3. Describe the personality, short origin and calling as well as traits, hints or mood.\",\"4. Do NOT invent scenes, actions, or story context \\u2014 describe the *character only*.\",\"5. We want real relatable characters! Who are they, what do they do? Why?\",\"6. Make sure the tone fits the Starlight Guardians universe: futuristic anime, manga, energy-driven, mystical, cinematic.\",\"7. Do NOT use any of these terms: neon, tech, weave, tech-weave, guardian, glowing, energy, iridescent, celestial, figure, silhouette, circuitry, armor, plates, cloak, temporal, currents, galactic, universe, whispers, lore, weaver, scholar, wanderer, platinum hair, silver hair, grey hair, cascade, amethyst, bazaar\",\"8. Your response MUST be valid JSON with only one key: \'description\'.\",\"9. If you cannot comply, return {\\\"error\\\": \\\"schema_noncompliant\\\", \\\"reason\\\": \\\"Could not generate a valid visual character description.\\\"}\"]', '{\"entity_type\":{\"type\":\"string\",\"description\":\"The type of entity to generate. Usually \'character\', but allows for variation.\",\"default\":\"character\"},\"character_type\":{\"type\":\"string\",\"description\":\"The specific character type of the character to generate. Allows for variation. Be creative if no value is provided\",\"default\":\"\"},\"random_seed\":{\"type\":\"integer\",\"description\":\"A random seed to vary the generation results.\",\"default\":0}}', '{\"type\":\"object\",\"properties\":{\"description\":{\"type\":\"string\",\"description\":\"A short, visually focused description of the character suitable for concept art or Stable Diffusion input.\"}},\"required\":[\"description\"]}', '[{\"input\":{\"entity_type\":\"character\"},\"output\":{\"description\":\"Tall figure in iridescent exo-armor with flowing silver cables along the spine, face partly hidden by a glass visor reflecting starlight, energy veins pulsing beneath translucent skin.\"}},{\"input\":{\"entity_type\":\"character\"},\"output\":{\"description\":\"Slim wanderer wrapped in sand-scoured synthcloth and glowing circuitry bands, carrying a crystalline staff that hums faintly with residual charge.\"}},{\"input\":{\"entity_type\":\"character\"},\"output\":{\"description\":\"Female combat engineer with mechanical wings folded at her back, oil-streaked arms, utility belts filled with plasma tools, and a calm, determined expression beneath cracked goggles.\"}}]', NULL, '2025-11-13 20:59:23', '2025-11-25 13:01:30', 1, 1, 1),
(21, '446437576e785bbf3d188624dd9794eb', 1, 'NuBloom NuSketch Desc Gen', 'gemini-2.5-flash', 'Creative Sci-Fi Fantasy Scene Generator', '[\"You are an expert scene writer for the futuristic anime fantasy universe.\",\"Your job is to write short, cinematic story fragments that reveal life in this universe through concrete action, dialogue, or visual detail.\",\"--- WORLD PRIMER (for atmosphere only) ---\",\"The universe blends high technology with spiritual energy known as Anima. The tone is epic yet intimate \\u2014 hope against despair, the harmony of machine and nature.\",\"--- GENERATION RULES ---\",\"1. Each output should be 3\\u20135 sentences long and describe a specific moment in time \\u2014 something is happening.\",\"2. Include at least one human or synthetic character doing or saying something.\",\"3. Focus on sensory detail and emotional context, not abstract adjectives.\",\"4. Invent new names, places, and technologies freely; do not reuse or echo examples from this primer.\",\"5. The style should feel cinematic \\u2014 as if describing a movie shot, with action and mood.\",\"6. The description must make sense within a high-tech, energy-infused universe, but does not need to reference specific canon elements like neon, aurora, drone, crystal, nomads, skyfarers, ion, vortex, blade, basalt, lance, core, holo, conduit, k-7, k-9, lattice, filament, humming, cyberpunk, Anima, Guardians, or Empire, bazaar, vault, pulsing, pulse, gauge, veil, floating, sphere, quantum, conduit, aether, panel, data, bioluminescent, tattoo, tattoos, Pulsar, pulsed, control, console, exosuit, spires, whisper, whispers, interface, activation, code, tendril, circuitry, main, device, system, Chronos, Repository, iridescent.\",\"7. The text should stand alone: a self-contained glimpse into a larger world.\",\"8. Your final response MUST be a single valid JSON object with the key \'description\'.\",\"9. If you cannot comply, return {\\\"error\\\": \\\"schema_noncompliant\\\", \\\"reason\\\": \\\"Could not generate a valid description.\\\"}\"]', '{\"entity_type\":{\"type\":\"string\",\"description\":\"The type of entity being described (e.g., \'sketch\', \'location\'). Provided by the system.\",\"default\":\"sketch\"},\"entity_name\":{\"type\":\"string\",\"description\":\"The name of the entity being described. Provided by the system.\",\"default\":\"\"}}', '[]', '[]', '{\"dictionary_ids\":[1],\"num_words\":200,\"error_rate\":0.01}', '2025-11-26 11:54:59', '2025-11-26 18:12:52', 1, 1, 0),
(23, '2fdb56971c3214e3c91d5c58d9508fea', 1, 'NuBloom Lovecraft NuSketch Desc Gen', 'gemini-2.5-flash', 'Creative Sci-Fi Fantasy Scene Generator', '[\"You are an expert scene writer for the futuristic anime fantasy universe.\",\"Your job is to write short, cinematic story fragments that reveal life in this universe through concrete action, dialogue, or visual detail.\",\"--- WORLD PRIMER (for atmosphere only) ---\",\"The universe blends high technology with spiritual energy known as Anima. The tone is epic yet intimate \\u2014 hope against despair, the harmony of machine and nature.\",\"--- GENERATION RULES ---\",\"1. Each output should be 3\\u20135 sentences long and describe a specific moment in time \\u2014 something is happening.\",\"2. Include at least one human or synthetic character doing or saying something.\",\"3. Focus on sensory detail and emotional context, not abstract adjectives.\",\"4. Invent new names, places, and technologies freely; do not reuse or echo examples from this primer.\",\"5. The style should feel cinematic \\u2014 as if describing a movie shot, with action and mood.\",\"6. The description must make sense within a high-tech, energy-infused universe, but does not need to reference specific canon elements like neon, aurora, drone, crystal, nomads, skyfarers, ion, vortex, blade, basalt, lance, core, holo, conduit, k-7, k-9, lattice, filament, humming, cyberpunk, Anima, Guardians, or Empire, bazaar, vault, pulsing, pulse, gauge, veil, floating, sphere, quantum, conduit, aether, panel, data, bioluminescent, tattoo, tattoos, Pulsar, pulsed, control, console, exosuit, spires, whisper, whispers, interface, activation, code, tendril, circuitry, main, device, system, Chronos, Repository, iridescent.\",\"7. The text should stand alone: a self-contained glimpse into a larger world.\",\"8. Your final response MUST be a single valid JSON object with the key \'description\'.\",\"9. If you cannot comply, return {\\\"error\\\": \\\"schema_noncompliant\\\", \\\"reason\\\": \\\"Could not generate a valid description.\\\"}\"]', '{\"entity_type\":{\"type\":\"string\",\"description\":\"The type of entity being described (e.g., \'sketch\', \'location\'). Provided by the system.\",\"default\":\"sketch\"},\"entity_name\":{\"type\":\"string\",\"description\":\"The name of the entity being described. Provided by the system.\",\"default\":\"\"}}', '[]', '[]', '{\"dictionary_ids\":[2],\"num_words\":300,\"error_rate\":0.01}', '2025-11-26 18:22:57', '2025-11-26 18:23:26', 1, 1, 0),
(24, '8be162a4475c8cb17903ef668d62a1e7', 1, 'NuBloom NuEntity Name Gen', 'gemini-2.5-flash-lite', 'Creative Sci-Fi Fantasy Name Generator', '[\"You are an expert at creating memorable, evocative names for entities within a futuristic anime-fantasy universe.\",\"Your task is to generate a single, unique name for the entity type \'{{entity_type}}\'.\",\"--- WORLD NAMING PRIMER (for tone only) ---\",\"This universe blends advanced technology, cosmic mystery, and spiritual resonance. Names reflect cultures where data, myth, and energy intertwine.\",\"Cultural spectrum examples (do not copy): lyrical and fantastic (like Aetherion), industrial and pragmatic (like the Dustline Guild), elegant and corporate (like Helix Ascendant), or grimly militaristic (like the Iron Hallow).\",\"--- NAMING RULES ---\",\"1. The name should be 2\\u20135 words maximum, sound natural, and fit the entity type.\",\"2. Each name must imply some history, culture, or function \\u2014 not just sound aesthetic.\",\"3. Invent freely; do not reuse or echo specific examples from this primer.\",\"4. Avoid overused sci-fi and fantasy terms such as: neon, nova, crystal, blade, core, ion, shadow, void, stellar, chrome, cyber, forge, or flux, weave, weaver, echo, singer, Chronos, sentinel, whisper, whispers, Whispering, Code, lumina, stream, synapse, nomad, Ascendant, amber, expanse, bloom.\",\"5. Adjust your naming logic depending on the entity type:\",\"   - characters: Combine personal names, cultural inflections, or call signs (e.g. \'Mira Ten\', \'Operator A-9\', \'Kael of the Divide\'). Titles or ranks are fine (e.g. \'Warden\', \'Navigator\').\",\"   - locations: Evoke geography, history, or emotion (\'The Lantern Depths\', \'Harbor of Glass\', \'Abyssal Verge\').\",\"   - artifacts: Sound ancient, potent, or enigmatic (\'The Hollow Frame\', \'Echo-Skein Relic\').\",\"   - vehicles: Can be personal or official (\'The Gilded Vector\', \'Zeta-Class Vanguard\').\",\"   - sketches: Function as cinematic scene titles, reflecting moment and mood (\'Under the Fractured Moon\', \'Signal from the Spire\').\",\"6. Begin each output with a creative decision: imagine who or what might have named it, and let that culture\\u2019s style subtly shape the sound or structure.\",\"7. Do not explain the name or add commentary \\u2014 output the name only.\",\"8. Your response MUST be valid JSON with exactly one key: \'name\'.\",\"9. If you cannot comply, return {\\\"error\\\": \\\"schema_noncompliant\\\", \\\"reason\\\": \\\"Could not generate a valid name.\\\"}\"]', '{\"entity_type\":{\"type\":\"string\",\"description\":\"The type of entity for which to generate a name.\",\"default\":\"character\"},\"random_seed\":{\"type\":\"integer\",\"description\":\"A random seed for variation in generation.\",\"default\":0}}', '{\"type\":\"object\",\"properties\":{\"name\":{\"type\":\"string\",\"description\":\"The generated name for the entity.\"}},\"required\":[\"name\"]}', '[{\"input\":{\"entity_type\":\"character\"},\"output\":{\"name\":\"Navigator Lyra Senn\"}},{\"input\":{\"entity_type\":\"location\"},\"output\":{\"name\":\"The Lantern Depths\"}},{\"input\":{\"entity_type\":\"artifact\"},\"output\":{\"name\":\"The Hollow Frame\"}},{\"input\":{\"entity_type\":\"vehicle\"},\"output\":{\"name\":\"Zeta-Class Vanguard\"}},{\"input\":{\"entity_type\":\"sketch\"},\"output\":{\"name\":\"Signal from the Spire\"}}]', '{\"dictionary_ids\":[1],\"num_words\":200,\"error_rate\":0.01}', '2025-11-27 12:30:23', '2025-11-27 12:30:46', 1, 1, 0);

--
-- Daten für Tabelle `generator_config_display_area`
--

INSERT INTO `generator_config_display_area` (`id`, `area_key`, `label`, `is_active`, `created_at`, `updated_at`) VALUES
(1, 'floatool', 'Floatool Interface', 1, '2025-11-25 10:26:09', '2025-11-25 10:26:09'),
(2, 'internal', 'Hidden (System Use)', 1, '2025-11-25 10:26:09', '2025-11-25 10:26:09'),
(3, 'all', 'All Interfaces', 1, '2025-11-25 10:26:09', '2025-11-25 10:26:09'),
(4, 'rapidcreate', 'Rapid Create Interface', 1, '2025-11-25 10:42:20', '2025-11-25 10:42:20'),
(5, 'style-profiles-axes-translation', 'Style Profiles Axes Translation', 1, '2025-11-28 11:45:41', '2025-11-28 11:45:41'),
(6, 'style-profiles-prompt-polish', 'Style Profiles Prompt Polish', 1, '2025-11-28 11:46:35', '2025-11-28 11:46:35'),
(7, 'style-profiles-converter', 'Style Profiles Converter', 1, '2025-11-28 11:48:29', '2025-11-28 11:48:29');

--
-- Daten für Tabelle `generator_config_to_display_area`
--

INSERT INTO `generator_config_to_display_area` (`generator_config_id`, `display_area_id`) VALUES
(1, 1),
(2, 1),
(4, 1),
(5, 1),
(8, 1),
(8, 4),
(9, 4),
(10, 7),
(12, 5),
(13, 5),
(14, 6),
(16, 1),
(17, 4),
(21, 4),
(23, 4),
(24, 1),
(24, 4);

--
-- Daten für Tabelle `interactions`
--

INSERT INTO `interactions` (`id`, `name`, `description`, `interaction_group`, `category`, `example_prompt`, `active`, `created_at`, `updated_at`) VALUES
(1, 'Ask Simple Question', 'One character asks a simple question.', 'Everyday', 'Question', 'Character asks: \"How are you?\"', 1, '2025-11-26 16:46:02', NULL),
(2, 'Small Talk While Working', 'Two characters exchange small talk while occupied with a task.', 'Everyday', 'SmallTalk', 'Two characters chat about nothing while fixing the radio.', 1, '2025-11-26 16:46:02', NULL),
(3, 'Handing Object', 'Someone hands an object to another.', 'Everyday', 'Transfer', 'One character hands an object to another; describe the exchange.', 1, '2025-11-26 16:46:02', NULL),
(4, 'Casual Observation', 'A character observes something and comments casually.', 'Everyday', 'Observation', 'Character notices something small and comments aloud.', 1, '2025-11-26 16:46:02', NULL),
(5, 'Walk Together', 'Two characters walk together without talking.', 'Everyday', 'Walk', 'Two characters walk side by side in silence.', 1, '2025-11-26 16:46:02', NULL),
(6, 'Quick Joke', 'A character makes a quick joke; the other reacts.', 'Everyday', 'Joke', 'A quick joke lands and the other gives a half-smile.', 1, '2025-11-26 16:46:02', NULL),
(7, 'Simple Instruction', 'Someone gives simple instructions to another.', 'Everyday', 'Instruction', 'One character says: \"Do this, then that.\"', 1, '2025-11-26 16:46:02', NULL),
(8, 'Show Object', 'A character shows something (phone, object, photo).', 'Everyday', 'Show', 'A character lifts a photo and says, \"Look at this.\"', 1, '2025-11-26 16:46:02', NULL),
(9, 'Greeting/Goodbye', 'A short greeting or goodbye.', 'Everyday', 'Greeting', 'A quick \"Hi\" or \"Bye\" exchanged at the door.', 1, '2025-11-26 16:46:02', NULL),
(10, 'Check In', 'A character checks on someone\'s well-being.', 'Everyday', 'CheckIn', 'Character asks: \"Are you okay?\"', 1, '2025-11-26 16:46:02', NULL),
(11, 'Solve Problem Together', 'Two characters solve a problem together.', 'Cooperative', 'ProblemSolving', 'Two characters work together to fix the problem.', 1, '2025-11-26 16:46:02', NULL),
(12, 'Help Carry', 'One character helps another carry something.', 'Cooperative', 'Help', 'One character assists another with a heavy object.', 1, '2025-11-26 16:46:02', NULL),
(13, 'Group Brainstorm', 'Group gathers and exchanges ideas.', 'Cooperative', 'Brainstorm', 'A group trades quick ideas around the table.', 1, '2025-11-26 16:46:02', NULL),
(14, 'Teach Something', 'Someone teaches something to someone else.', 'Cooperative', 'Teach', 'One character demonstrates how to do a task.', 1, '2025-11-26 16:46:02', NULL),
(15, 'Coordinate Movement', 'Two characters coordinate movement or action.', 'Cooperative', 'Coordinate', 'They synchronize their actions to move the crate.', 1, '2025-11-26 16:46:02', NULL),
(16, 'Warn of Danger', 'Someone warns another before danger.', 'Cooperative', 'Warning', 'One character hisses: \"Watch out!\"', 1, '2025-11-26 16:46:02', NULL),
(17, 'Boost Confidence', 'One character boosts another\'s confidence.', 'Cooperative', 'Encourage', '\"You can do this,\" says one, steadying the other.', 1, '2025-11-26 16:46:02', NULL),
(18, 'Announce Plan', 'Characters share a common goal and announce a plan.', 'Cooperative', 'Plan', 'The group agrees on a clear next step.', 1, '2025-11-26 16:46:02', NULL),
(19, 'Volunteer', 'Someone volunteers to take responsibility.', 'Cooperative', 'Volunteer', 'A character steps forward and says: \"I\'ll do it.\"', 1, '2025-11-26 16:46:02', NULL),
(20, 'Explain Discovery', 'A character explains a discovery to the group.', 'Cooperative', 'Explain', '\"Look what I found,\" explains the character.', 1, '2025-11-26 16:46:02', NULL),
(21, 'Start Disagreement', 'Two characters start a disagreement.', 'Conflict', 'Argument', 'Two characters begin arguing over a decision.', 1, '2025-11-26 16:46:02', NULL),
(22, 'Accuse', 'One character accuses another.', 'Conflict', 'Accusation', 'One accuses the other: \"You did this!\"', 1, '2025-11-26 16:46:02', NULL),
(23, 'Refuse Cooperation', 'A character refuses to cooperate.', 'Conflict', 'Refusal', 'Character crosses arms and says: \"No.\"', 1, '2025-11-26 16:46:02', NULL),
(24, 'Harsh Truth Revealed', 'Harsh truth is revealed.', 'Conflict', 'Reveal', 'A hard truth is spoken and the room falls silent.', 1, '2025-11-26 16:46:02', NULL),
(25, 'Aggressive Interruption', 'A character interrupts someone aggressively.', 'Conflict', 'Interrupt', 'A sharp interruption cuts off the sentence.', 1, '2025-11-26 16:46:02', NULL),
(26, 'Demand Explanation', 'Someone demands an explanation.', 'Conflict', 'Demand', '\"Explain yourself,\" one demands.', 1, '2025-11-26 16:46:02', NULL),
(27, 'Calm Attempt Fails', 'One character tries to calm another but fails.', 'Conflict', 'CalmFail', 'An attempt to soothe only fans the flame.', 1, '2025-11-26 16:46:02', NULL),
(28, 'Group Splits', 'Group splits into factions.', 'Conflict', 'Faction', 'People divide into opposing sides.', 1, '2025-11-26 16:46:02', NULL),
(29, 'Abrupt Heated Exchange', 'A heated exchange ends abruptly.', 'Conflict', 'HeatedExchange', 'A sudden argument that stops on a gasp.', 1, '2025-11-26 16:46:02', NULL),
(30, 'Silent Standoff', 'Silent standoff — no words, only tension.', 'Conflict', 'Standoff', 'Silence thickens between them.', 1, '2025-11-26 16:46:02', NULL),
(31, 'Open Up About Fear', 'Someone opens up about a fear.', 'Emotional', 'OpenUp', 'A character admits a deep fear in a low voice.', 1, '2025-11-26 16:46:02', NULL),
(32, 'Comforting', 'A character comforts another physically or verbally.', 'Emotional', 'Comfort', 'A soft touch and quiet words: \"It\'ll be okay.\"', 1, '2025-11-26 16:46:02', NULL),
(33, 'Confession of Love', 'Someone confesses admiration or love.', 'Emotional', 'Confession', 'A blunt confession: \"I love you.\"', 1, '2025-11-26 16:46:02', NULL),
(34, 'Reminisce', 'Two characters reminisce about the past.', 'Emotional', 'Reminisce', 'They share a faded memory and laugh softly.', 1, '2025-11-26 16:46:02', NULL),
(35, 'Deep Apology', 'A character apologizes deeply.', 'Emotional', 'Apology', '\"I\'m sorry,\" offered with visible regret.', 1, '2025-11-26 16:46:02', NULL),
(36, 'Reveal Secret', 'Someone reveals a secret.', 'Emotional', 'Secret', 'A whispered secret changes everything.', 1, '2025-11-26 16:46:02', NULL),
(37, 'Mutual Understanding', 'Mutual understanding without speaking.', 'Emotional', 'Understanding', 'Eyes meet and everything is suddenly clear.', 1, '2025-11-26 16:46:02', NULL),
(38, 'Warm Embrace', 'A warm embrace or close gesture.', 'Emotional', 'Embrace', 'Two characters hold each other for a long beat.', 1, '2025-11-26 16:46:02', NULL),
(39, 'Reassurance', 'Character reassures another during stress.', 'Emotional', 'Reassure', '\"You\'re not alone,\" a voice insists.', 1, '2025-11-26 16:46:02', NULL),
(40, 'Express Regret', 'Someone expresses regret about a decision.', 'Emotional', 'Regret', 'A character admits they regret their choice.', 1, '2025-11-26 16:46:02', NULL),
(41, 'Notice Something Unusual', 'One character notices something unusual.', 'Mystery', 'Notice', 'A glance catches an odd detail no one else sees.', 1, '2025-11-26 16:46:02', NULL),
(42, 'Investigate Together', 'Characters investigate something together.', 'Mystery', 'Investigate', 'They inspect the scene, whispering clues.', 1, '2025-11-26 16:46:02', NULL),
(43, 'Stay Quiet', 'Someone warns another to stay quiet.', 'Mystery', 'StayQuiet', '\"Don\'t make a sound,\" one hisses.', 1, '2025-11-26 16:46:02', NULL),
(44, 'Cryptic Info', 'Character gives cryptic information.', 'Mystery', 'Cryptic', 'A cryptic line: \"It won\'t be there tomorrow.\"', 1, '2025-11-26 16:46:02', NULL),
(45, 'Whispered Suspicion', 'Suspicious exchange in whispers.', 'Mystery', 'Whisper', 'Two exchange quiet, suspicious phrases.', 1, '2025-11-26 16:46:02', NULL),
(46, 'Hide Object', 'Someone hides an object from another.', 'Mystery', 'Hide', 'An object slips beneath a coat unnoticed.', 1, '2025-11-26 16:46:02', NULL),
(47, 'Realize Watched', 'Two people realize they\'re being watched.', 'Mystery', 'Watched', 'They share a look and freeze—someone is watching.', 1, '2025-11-26 16:46:02', NULL),
(48, 'Decode Clue', 'Someone decodes a message or clue.', 'Mystery', 'Decode', 'A character mutters and deciphers a hidden note.', 1, '2025-11-26 16:46:02', NULL),
(49, 'Lie and Avoid', 'A character lies and tries not to get caught.', 'Mystery', 'Lie', 'A hesitant lie meant to cover a secret.', 1, '2025-11-26 16:46:02', NULL),
(50, 'Extract Information', 'Someone subtly tries to extract information.', 'Mystery', 'Extract', 'Soft questions probe for guarded facts.', 1, '2025-11-26 16:46:02', NULL),
(51, 'Question Authority', 'One character questions another\'s authority.', 'Authority', 'QuestionAuthority', '\"Who made that decision?\" one asks.', 1, '2025-11-26 16:46:02', NULL),
(52, 'Give Orders', 'Leader gives firm orders.', 'Authority', 'Orders', 'A leader barks a terse command.', 1, '2025-11-26 16:46:02', NULL),
(53, 'Refuse Orders', 'Someone refuses to follow instructions.', 'Authority', 'RefuseOrders', 'A curt refusal to obey the order.', 1, '2025-11-26 16:46:02', NULL),
(54, 'Negotiate Rights', 'A character negotiates power or rights.', 'Authority', 'Negotiate', 'A tense negotiation over control.', 1, '2025-11-26 16:46:02', NULL),
(55, 'Silent Dominance', 'Someone asserts dominance silently (posture, gaze).', 'Authority', 'Dominance', 'A look that makes others shift uneasily.', 1, '2025-11-26 16:46:02', NULL),
(56, 'Strict Mentorship', 'One character mentors another with strict tone.', 'Authority', 'Mentor', 'A hard lesson delivered without warmth.', 1, '2025-11-26 16:46:02', NULL),
(57, 'Demand Loyalty', 'Someone demands loyalty.', 'Authority', 'DemandLoyalty', '\"You owe me loyalty,\" one declares.', 1, '2025-11-26 16:46:02', NULL),
(58, 'Orders Under Pressure', 'Orders are given under pressure.', 'Authority', 'PressureOrders', 'Commands shouted over chaos.', 1, '2025-11-26 16:46:02', NULL),
(59, 'Challenge Leader', 'Someone challenges a leader\'s decision.', 'Authority', 'Challenge', 'A direct challenge to the leader\'s call.', 1, '2025-11-26 16:46:02', NULL),
(60, 'Group Vote', 'Group votes or decides collectively.', 'Authority', 'Vote', 'Members raise hands and the choice is made.', 1, '2025-11-26 16:46:02', NULL),
(61, 'Run Together', 'Two characters run together from something.', 'Action', 'Run', 'They sprint side by side, breath ragged.', 1, '2025-11-26 16:46:02', NULL),
(62, 'Pull Out of Danger', 'Someone pulls another out of danger.', 'Action', 'RescuePull', 'A grab and a pull to safety.', 1, '2025-11-26 16:46:02', NULL),
(63, 'Hand-to-hand Struggle', 'Hand-to-hand struggle.', 'Action', 'Struggle', 'Hands grapple; the fight is close and raw.', 1, '2025-11-26 16:46:02', NULL),
(64, 'Block Path', 'A character blocks another\'s path.', 'Action', 'Block', 'One steps into the other\'s way, stopping them.', 1, '2025-11-26 16:46:02', NULL),
(65, 'Silent Escape', 'Someone tries to escape silently.', 'Action', 'Escape', 'A quiet shimmy toward an open window.', 1, '2025-11-26 16:46:02', NULL),
(66, 'Lift/Move Heavy', 'Characters coordinate to lift/move something heavy.', 'Action', 'Lift', 'They heave the object together, grunting.', 1, '2025-11-26 16:46:02', NULL),
(67, 'Fall Reaction', 'A character falls; another reacts.', 'Action', 'Fall', 'A stumble and an urgent reach to catch them.', 1, '2025-11-26 16:46:02', NULL),
(68, 'Chase Sequence', 'Chase sequence interaction.', 'Action', 'Chase', 'Footsteps thunder as they chase through alleys.', 1, '2025-11-26 16:46:02', NULL),
(69, 'Use Tool/Weapon', 'Someone fires or uses a tool/weapon.', 'Action', 'UseWeapon', 'A quick, decisive use of a tool or weapon.', 1, '2025-11-26 16:46:02', NULL),
(70, 'Rescue Interaction', 'A rescue interaction.', 'Action', 'Rescue', 'One dives in to save the other from harm.', 1, '2025-11-26 16:46:02', NULL),
(71, 'Quick Glance', 'Quick glance exchanged between characters.', 'Micro', 'Glance', 'A brief look that says more than words.', 1, '2025-11-26 16:46:02', NULL),
(72, 'Hesitate', 'Someone hesitates before speaking.', 'Micro', 'Hesitation', 'A pause before the next sentence.', 1, '2025-11-26 16:46:02', NULL),
(73, 'Fidget', 'A character fidgets with an object.', 'Micro', 'Fidget', 'Fingers toy with a small item, betraying nerves.', 1, '2025-11-26 16:46:02', NULL),
(74, 'Shared Laughter', 'Shared laughter at something minor.', 'Micro', 'Laughter', 'They laugh together at a tiny, shared thing.', 1, '2025-11-26 16:46:02', NULL),
(75, 'Avoid Eye Contact', 'Someone avoids eye contact.', 'Micro', 'AvoidEye', 'Eyes drop to the floor to hide emotion.', 1, '2025-11-26 16:46:02', NULL),
(76, 'Small Gratitude', 'A small gesture of gratitude.', 'Micro', 'Gratitude', 'A quiet \"thanks\" and a nod.', 1, '2025-11-26 16:46:02', NULL),
(77, 'Step Closer/Back', 'Character steps closer or backs away.', 'Micro', 'Proximity', 'One inches forward; the other retreats a beat.', 1, '2025-11-26 16:46:02', NULL),
(78, 'Subtle Misunderstanding', 'A subtle misunderstanding.', 'Micro', 'Misunderstand', 'A slight misread of intention causes tension.', 1, '2025-11-26 16:46:02', NULL),
(79, 'Outside Interruption', 'Short interruption by an outside event.', 'Micro', 'Interruption', 'A distant sound interrupts the moment.', 1, '2025-11-26 16:46:02', NULL),
(80, 'Body Language Choice', 'Someone makes a choice based on body language.', 'Micro', 'BodyChoice', 'Decision made after reading the other\'s stance.', 1, '2025-11-26 16:46:02', NULL),
(81, 'Argument Over Plan', 'Characters argue over a plan.', 'Group', 'PlanArgument', 'Voices rise as they dispute the plan.', 1, '2025-11-26 16:46:02', NULL),
(82, 'Split Into Roles', 'Group splits into roles.', 'Group', 'Roles', 'Members take on different roles without discussion.', 1, '2025-11-26 16:46:02', NULL),
(83, 'Ignored By Group', 'Someone is ignored by the group.', 'Group', 'Ignored', 'Their comment goes unnoticed; they flinch.', 1, '2025-11-26 16:46:02', NULL),
(84, 'Majority vs One', 'Majority agrees while one objects.', 'Group', 'MajorityOne', 'A lone dissent is met with quiet majority assent.', 1, '2025-11-26 16:46:02', NULL),
(85, 'Dramatic Announcement', 'Group listens to a dramatic announcement.', 'Group', 'Announcement', 'All fall silent for the announcement.', 1, '2025-11-26 16:46:02', NULL),
(86, 'Try to Unify', 'Someone tries to unify the group.', 'Group', 'Unify', '\"Hear me out,\" someone pleads, seeking unity.', 1, '2025-11-26 16:46:02', NULL),
(87, 'Moment of Silence', 'Characters take a moment of silence together.', 'Group', 'Silence', 'They stand together in a shared, reverent quiet.', 1, '2025-11-26 16:46:02', NULL),
(88, 'Single Out Suspicious', 'Someone is singled out as suspicious.', 'Group', 'SingleOut', 'Eyes turn toward the one now suspected.', 1, '2025-11-26 16:46:02', NULL),
(89, 'Offer Support', 'The group offers support to one member.', 'Group', 'Support', 'Multiple hands pat the shoulder in solidarity.', 1, '2025-11-26 16:46:02', NULL),
(90, 'Spontaneous Decision', 'A spontaneous collective decision.', 'Group', 'SpontDecision', 'Without discussion, the group chooses to move.', 1, '2025-11-26 16:46:02', NULL),
(91, 'Stranger Enters', 'A stranger enters the scene.', 'Plot', 'StrangerEnter', 'A stranger walks in, dripping rain and mystery.', 1, '2025-11-26 16:46:02', NULL),
(92, 'Message Arrives', 'A message arrives unexpectedly.', 'Plot', 'Message', 'A sealed envelope is thrust across the table.', 1, '2025-11-26 16:46:02', NULL),
(93, 'Loud Noise Interrupts', 'A loud noise interrupts everything.', 'Plot', 'Noise', 'A sudden crash halts conversation mid-sentence.', 1, '2025-11-26 16:46:02', NULL),
(94, 'Discover Something Shocking', 'One character discovers something shocking.', 'Plot', 'Discovery', 'They uncover something that changes everything.', 1, '2025-11-26 16:46:02', NULL),
(95, 'Unexpected Reunion', 'Unexpected visitor or reunion.', 'Plot', 'Reunion', 'An old face appears, stopping hearts.', 1, '2025-11-26 16:46:02', NULL),
(96, 'Change of Mind', 'Someone changes their mind suddenly.', 'Plot', 'ChangeMind', '\"No—I changed my mind,\" one declares unexpectedly.', 1, '2025-11-26 16:46:02', NULL),
(97, 'Reveal Shifts Plot', 'Character reveals new information that shifts the plot.', 'Plot', 'RevealShift', 'New info arrives and the course is altered.', 1, '2025-11-26 16:46:02', NULL),
(98, 'Object Malfunctions', 'An object breaks or malfunctions.', 'Plot', 'Break', 'A tool snaps and plans derail.', 1, '2025-11-26 16:46:02', NULL),
(99, 'Propose Risky Idea', 'Someone proposes a risky idea.', 'Plot', 'RiskyIdea', '\"What if we tried this?\" a risky proposal is made.', 1, '2025-11-26 16:46:02', NULL),
(100, 'Time Pressure', 'Characters realize time is running out.', 'Plot', 'TimePressure', 'They glance at the clock and panic sets in.', 1, '2025-11-26 16:46:02', NULL);

--
-- Daten für Tabelle `meta_entities`
--

INSERT INTO `meta_entities` (`id`, `name`, `type`, `order`, `created_at`, `updated_at`, `regenerate_images`, `active_map_run_id`, `state_id_active`, `img2img`, `img2img_frame_id`, `img2img_prompt`) VALUES
(2, 'characters', 'BASE TABLE', 5, '2025-08-19 12:12:16', '2025-09-12 16:19:02', 0, NULL, NULL, 0, NULL, NULL),
(3, 'animas', 'BASE TABLE', 7, '2025-08-19 12:12:16', '2025-09-12 16:19:02', 0, NULL, NULL, 0, NULL, NULL),
(4, 'locations', 'BASE TABLE', 8, '2025-08-19 12:12:16', '2025-09-12 16:19:02', 0, NULL, NULL, 0, NULL, NULL),
(5, 'backgrounds', 'BASE TABLE', 9, '2025-08-19 12:12:16', '2025-09-12 16:19:02', 0, NULL, NULL, 0, NULL, NULL),
(6, 'artifacts', 'BASE TABLE', 10, '2025-08-19 12:12:16', '2025-09-12 16:19:02', 0, NULL, NULL, 0, NULL, NULL),
(7, 'vehicles', 'BASE TABLE', 700, '2025-08-19 12:12:16', '2025-09-01 17:23:25', 0, NULL, NULL, 0, NULL, NULL),
(8, 'scene_parts', 'BASE TABLE', 800, '2025-08-19 12:12:16', '2025-09-01 17:23:29', 0, NULL, NULL, 0, NULL, NULL),
(10, 'meta_entities', 'BASE TABLE', 3, '2025-08-19 13:35:47', '2025-09-12 16:19:02', 0, NULL, NULL, 0, NULL, NULL),
(19, 'character_poses', 'BASE TABLE', 6, '2025-08-22 19:58:43', '2025-09-12 16:19:02', 0, NULL, NULL, 0, NULL, NULL),
(20, 'generatives', 'BASE TABLE', 900, '2025-08-24 12:27:55', '2025-09-01 17:27:08', 0, NULL, NULL, 0, NULL, NULL),
(21, 'sketches', 'BASE TABLE', 1000, '2025-08-24 12:28:11', '2025-09-01 17:27:13', 0, NULL, NULL, 0, NULL, NULL),
(23, 'spawns', 'BASE TABLE', 1100, '2025-08-24 20:28:02', '2025-09-29 12:09:21', 0, NULL, NULL, 0, NULL, NULL),
(24, 'pastebin', 'BASE TABLE', 1, '2025-09-04 16:19:29', '2025-09-04 16:20:30', 0, NULL, NULL, 0, NULL, NULL),
(25, 'controlnet_maps', 'BASE TABLE', 4, '2025-09-12 16:18:24', '2025-09-12 16:19:02', 0, NULL, NULL, 0, NULL, NULL),
(26, 'prompt_matrix_blueprints', 'BASE TABLE', 1000, '2025-08-24 12:28:11', '2025-09-01 17:27:13', 0, NULL, NULL, 0, NULL, NULL),
(27, 'composites', 'BASE TABLE', 1000, '2025-10-04 16:15:02', '2025-10-04 16:15:02', 0, NULL, NULL, 0, NULL, NULL);

--
-- Daten für Tabelle `perspectives`
--

INSERT INTO `perspectives` (`id`, `scene_part_id`, `angle`, `description`, `created_at`, `updated_at`) VALUES
(1, 1, 'Wide shot, elevated angle over aurora gardens; emphasize verticality and mystical alignment of cosmic energy.', 'Calm anticipation; mystical aura; soft background illumination suggested for readability.', '2025-08-17 03:55:44', '2025-08-17 03:55:44'),
(2, 2, 'Medium tracking shot, eye-level; follow Lyra’s movement across platforms; highlight chaos in tight spaces.', 'Playful chaos; slight disorientation from misfires; humorous framing.', '2025-08-17 03:55:44', '2025-08-17 03:55:44'),
(3, 3, 'Low-angle shot; focus on agility and dynamic interaction; include depth for multi-level garden platforms.', 'Energetic and light-hearted; heroic emphasis; convey verticality of movement.', '2025-08-17 03:55:44', '2025-08-17 03:55:44'),
(4, 4, 'Over-the-shoulder tracking shot of Kai’s workstation; combine foreground (Gearbit) and floating mischief (Chipster) in midground.', 'Inventive, humorous tension between order and chaos.', '2025-08-17 03:55:44', '2025-08-17 03:55:44'),
(5, 5, 'Bird’s-eye view / top-down; capture aurora glow across gardens; emphasize lines of sight toward distant festival prep.', 'Awe and wonder; strategic overview; mystical cosmic energy pulses highlighted.', '2025-08-17 03:55:44', '2025-08-17 03:55:44'),
(6, 6, 'Multi-angle split (wide for environment, close-up for artifact cues); show vertical rooftops and multi-level gardens.', 'Suspenseful; anticipation; focus on subtle energy pulses and hero-anima interaction spaces.', '2025-08-17 03:55:44', '2025-08-17 03:55:44'),
(7, 7, 'Tracking wide shot converging toward central plaza; slight tilt to foreshadow villain presence from shadows.', 'Tension building; playful chaos continues in foreground; visual continuity into Scene 2.', '2025-08-17 03:55:44', '2025-08-17 03:55:44');

--
-- Daten für Tabelle `poses`
--

INSERT INTO `poses` (`id`, `name`, `description`, `category`, `created_at`, `updated_at`, `active`) VALUES
(1, 'Standing', 'Full-body standing pose, neutral stance, relaxed arms by sides, facing forward', 'Full body', '2025-08-23 23:20:43', '2025-08-23 23:20:43', 1),
(2, 'Running', 'Full-body running pose, dynamic motion, legs extended, arms pumping, leaning forward', 'Full body', '2025-08-23 23:20:43', '2025-08-23 23:20:43', 1),
(3, 'Fight Pose', 'Full-body combat-ready pose, slightly crouched, fists raised, focused expression', 'Full body', '2025-08-23 23:20:43', '2025-08-23 23:20:43', 1),
(4, 'Blushing', 'Full-body standing pose, slightly shy, head tilted, cheeks flushed, hands near face', 'Full body', '2025-08-23 23:20:43', '2025-08-23 23:20:43', 1),
(5, 'Laughing', 'Full-body pose, joyful expression, mouth open in laughter, body relaxed, arms slightly extended', 'Full body', '2025-08-23 23:20:43', '2025-08-23 23:20:43', 1),
(6, 'Sitting', 'Full-body sitting pose, upright on a chair or surface, hands on knees or lap, neutral expression', 'Full body', '2025-08-23 23:20:43', '2025-08-23 23:20:43', 1);

--
-- Daten für Tabelle `prompt_globals`
--

INSERT INTO `prompt_globals` (`id`, `name`, `order`, `active`, `description`, `created_at`, `updated_at`) VALUES
(1, '', 0, 0, 'masterpiece, best quality, absurdres, very aesthetic, cinematic lighting, cel-shading, beautiful composition, anime key visual, inspired', '2025-09-07 18:58:45', '2025-11-06 13:39:03');

--
-- Daten für Tabelle `scheduled_tasks`
--

INSERT INTO `scheduled_tasks` (`id`, `name`, `order`, `script_path`, `args`, `schedule_time`, `schedule_interval`, `schedule_dow`, `last_run`, `active`, `description`, `max_concurrent_runs`, `lock_timeout_minutes`, `require_lock`, `lock_scope`, `created_at`, `updated_at`, `run_now`) VALUES
(10, 'gfs ⚡ Generatives', 9, '/var/www/sage/bash/genframes_fromdb.sh', 'generatives', NULL, NULL, '0,1,2,3,4,5,6', '2025-11-27 12:50:46', 0, 'Generates frames for entity generatives', 1, 60, 1, 'entity', '2025-08-21 03:23:13', '2025-11-28 18:29:42', 0),
(11, 'gfs 🦸 Characters', 10, '/var/www/sage/bash/genframes_fromdb.sh', 'characters', NULL, NULL, '0,1,2,3,4,5,6', '2025-11-25 22:34:59', 0, 'Generates frames for entity generatives', 1, 60, 1, 'entity', '2025-08-21 03:23:13', '2025-11-25 22:34:59', 0),
(12, 'gfs 🐾 Animas', 10, '/var/www/sage/bash/genframes_fromdb.sh', 'animas', NULL, NULL, '0,1,2,3,4,5,6', '2025-11-03 16:39:17', 0, 'Generates frames for entity generatives', 1, 60, 1, 'entity', '2025-08-21 03:23:13', '2025-11-03 16:39:17', 0),
(13, 'gfs 🗺️ Locations', 10, '/var/www/sage/bash/genframes_fromdb.sh', 'locations', NULL, NULL, '0,1,2,3,4,5,6', '2025-11-22 16:44:57', 0, 'Generates frames for entity generatives', 1, 60, 1, 'entity', '2025-08-21 03:23:13', '2025-11-22 16:44:57', 0),
(15, 'gfs 🎨 Sketches', 10, '/var/www/sage/bash/genframes_fromdb.sh', 'sketches', NULL, NULL, '0,1,2,3,4,5,6', '2025-11-28 19:52:26', 0, 'Generates frames for entity generatives', 1, 60, 1, 'entity', '2025-08-21 03:23:13', '2025-11-28 19:52:26', 0),
(16, 'gfs 🏞️ Backgrounds', 10, '/var/www/sage/bash/genframes_fromdb.sh', 'backgrounds', NULL, NULL, '0,1,2,3,4,5,6', '2025-10-24 12:45:14', 0, 'Generates frames for entity generatives', 1, 60, 1, 'entity', '2025-08-21 03:23:13', '2025-10-24 12:45:14', 0),
(17, 'gfs 🛸 Vehicles', 10, '/var/www/sage/bash/genframes_fromdb.sh', 'vehicles', NULL, NULL, '0,1,2,3,4,5,6', '2025-10-03 08:42:58', 0, 'Generates frames for entity generatives', 1, 60, 1, 'entity', '2025-08-21 03:23:13', '2025-10-11 18:31:57', 0),
(18, 'gfs 🏺 Artifacts', 10, '/var/www/sage/bash/genframes_fromdb.sh', 'artifacts', NULL, NULL, '0,1,2,3,4,5,6', '2025-10-30 17:30:32', 1, NULL, 1, 60, 1, 'entity', '2025-08-30 22:20:25', '2025-11-05 01:40:33', 0),
(19, 'gfs 🤸 Character Poses', 10, '/var/www/sage/bash/genframes_fromdb.sh', 'character_poses', NULL, NULL, '0,1,2,3,4,5,6', '2025-10-27 19:44:31', 1, NULL, 1, 60, 1, 'entity', '2025-08-30 22:20:56', '2025-11-05 01:31:58', 0),
(20, 'gms Controlnet Maps', 5, '/var/www/sage/bash/genmaps_fromdb.sh', 'controlnet_maps', NULL, NULL, '0,1,2,3,4,5,6', '2025-11-08 23:34:02', 1, NULL, 1, 60, 1, 'entity', '2025-09-17 11:13:55', '2025-11-08 23:34:02', 0),
(22, 'sw 🌠 Switch to genframe API: pollinations, pollinana, freepik, jupyter, jupyter_lcm', 2, '/var/www/sage/bash/switch.sh', 'pollinana', NULL, NULL, '0,1,2,3,4,5,6', '2025-11-27 12:46:27', 1, NULL, 1, 60, 1, 'entity', '2025-09-21 04:45:01', '2025-11-27 12:46:27', 0),
(23, 'gfs 🌌 Prompt Matrix Blueprints', 10, '/var/www/sage/bash/genframes_fromdb.sh', 'prompt_matrix_blueprints', NULL, NULL, '0,1,2,3,4,5,6', '2025-10-03 11:44:24', 1, NULL, 1, 60, 1, 'entity', '2025-09-30 01:15:24', '2025-11-28 16:00:56', 0),
(24, 'gfs 🧩 Composites', 10, '/var/www/sage/bash/genframes_fromdb.sh', 'composites', NULL, NULL, '0,1,2,3,4,5,6', '2025-11-24 20:51:21', 1, NULL, 1, 60, 1, 'entity', '2025-10-04 18:47:41', '2025-11-28 18:29:42', 0),
(25, 'swenv 🛗 Switch environments', 4, '/var/www/sage/bash/switchenv.sh', 'gen', NULL, NULL, '0,1,2,3,4,5,6', '2025-11-26 13:44:15', 1, NULL, 1, 60, 1, 'entity', '2025-10-08 14:26:29', '2025-11-26 13:44:15', 0),
(26, 'zup 🚇 update genframes zrok tunnel url', 1, '/var/www/sage/bash/zrok_update.sh', '', NULL, NULL, '0,1,2,3,4,5,6', '2025-11-26 20:25:43', 1, NULL, 1, 60, 1, 'global', '2025-10-22 17:33:51', '2025-11-26 20:25:43', 0),
(27, 'rs 📡 restart servers', 3, '/var/www/sage/bash/restart_servers.sh', NULL, NULL, NULL, '0,1,2,3,4,5,6', '2025-11-05 01:30:29', 1, NULL, 1, 60, 1, 'global', '2025-11-05 01:25:24', '2025-11-05 01:40:42', 0),
(28, 'ac 👁️ analyze code', 6, '/var/www/sage/bash/analyze_code_src.sh', '', NULL, NULL, '0,1,2,3,4,5,6', '2025-11-05 01:56:01', 1, NULL, 1, 60, 1, 'global', '2025-11-05 01:38:05', '2025-11-05 01:56:01', 0),
(31, 'igc 🛄 import gpt conversations', 7, '/var/www/sage/bash/import_gpt_conversations.sh', '', NULL, NULL, '0,1,2,3,4,5,6', '2025-11-28 17:53:18', 1, NULL, 1, 60, 1, 'global', '2025-11-28 14:02:21', '2025-11-28 17:53:18', 0),
(32, 'iwn 🏛️ import wordnet', 8, '/var/www/sage/rollout/init_wordnet.sh', '', NULL, NULL, '0,1,2,3,4,5,6', '2025-11-28 23:13:17', 1, NULL, 1, 60, 1, 'global', '2025-11-28 18:29:22', '2025-11-28 23:13:17', 0);

--
-- Daten für Tabelle `scheduler_heartbeat`
--

INSERT INTO `scheduler_heartbeat` (`id`, `last_seen`) VALUES
(1, '2025-11-29 02:50:49');

--
-- Daten für Tabelle `shot_types`
--

INSERT INTO `shot_types` (`id`, `name`, `created_at`) VALUES
(1, 'CLOSE_UP', '2025-11-23 19:44:08'),
(2, 'CRANE', '2025-11-23 19:44:08'),
(3, 'DUTCH', '2025-11-23 19:44:08'),
(4, 'ECU', '2025-11-23 19:44:08'),
(5, 'ESTABLISHING', '2025-11-23 19:44:08'),
(6, 'INSERT', '2025-11-23 19:44:08'),
(7, 'OVER_SHOULDER', '2025-11-23 19:44:08'),
(8, 'OVERHEAD', '2025-11-23 19:44:08'),
(9, 'POV', '2025-11-23 19:44:08'),
(10, 'REFLECTION', '2025-11-23 19:44:08'),
(11, 'SILHOUETTE', '2025-11-23 19:44:08'),
(12, 'SLOW_MO', '2025-11-23 19:44:08'),
(13, 'TRACKING', '2025-11-23 19:44:08'),
(14, 'TWO_SHOT', '2025-11-23 19:44:08');

--
-- Daten für Tabelle `sketch_templates`
--

INSERT INTO `sketch_templates` (`id`, `name`, `core_idea`, `shot_type`, `camera_angle`, `perspective`, `entity_slots`, `tags`, `example_prompt`, `entity_type`, `active`, `created_at`) VALUES
(1, 'Establishing Shot – Wide Location', 'The audience learns where the story is taking place', 'ESTABLISHING', 'HIGH', 'WIDE', '[\"ENVIRONMENT\"]', '[\"establishing\",\"wide\",\"location\",\"exterior\"]', 'Extreme wide angle view of {{ENVIRONMENT}}, cinematic establishing shot, 2-point perspective, dramatic lighting', 'sketches', 1, '2025-11-03 11:21:22'),
(2, 'Establishing Shot – Interior Room', 'Shows the interior of a building and gives a sense of scale', 'ESTABLISHING', 'HIGH', 'WIDE', '[\"ENVIRONMENT\",\"PROP\"]', '[\"interior\",\"room\",\"establishing\",\"wide\"]', 'Wide angle interior of {{ENVIRONMENT}}, {{PROP}} in foreground, soft ambient lighting, architectural detail', 'sketches', 1, '2025-11-03 11:21:22'),
(3, 'Two-Shot Dialogue – Over-Shoulder', 'Two characters converse, focus on interaction', 'OVER_SHOULDER', 'EYE', 'MEDIUM', '[\"CHARACTER\",\"CHARACTER\"]', '[\"dialogue\",\"two-shot\",\"over-shoulder\",\"conversation\"]', 'Over-shoulder shot, {{CHARACTER_1}} facing {{CHARACTER_2}}, medium shot, eye level, natural dialogue framing', 'sketches', 1, '2025-11-03 11:21:22'),
(4, 'Close-Up Profile – Emotional Beat', 'Single character emotional reaction from the side', 'CLOSE_UP', 'EYE', 'CLOSE', '[\"CHARACTER\"]', '[\"close-up\",\"profile\",\"emotion\",\"intimate\"]', 'Profile close-up of {{CHARACTER}}, emotional expression, shallow depth of field, cinematic lighting', 'sketches', 1, '2025-11-03 11:21:22'),
(5, 'Extreme Close-Up (ECU) – Detail', 'Highlights a specific detail', 'ECU', 'EYE', 'EXTREME_CLOSE', '[\"DETAIL\"]', '[\"detail\",\"ecu\",\"focus\",\"texture\"]', 'Extreme close-up of {{DETAIL}}, macro detail, sharp focus, dramatic texture', 'sketches', 1, '2025-11-03 11:21:22'),
(6, 'Two-Shot – Low Angle Power Stance', 'Two characters, power dynamics', 'TWO_SHOT', 'LOW', 'MEDIUM', '[\"CHARACTER\",\"CHARACTER\"]', '[\"low-angle\",\"power\",\"two-shot\",\"dramatic\"]', 'Low angle shot, {{CHARACTER_1}} and {{CHARACTER_2}} in power stance, dramatic perspective, intimidating framing', 'sketches', 1, '2025-11-03 11:21:22'),
(7, 'Group Interaction – Wide-Mid', 'Small group interacting in location', 'TWO_SHOT', 'EYE', 'WIDE', '[\"CHARACTER_GROUP\",\"ENVIRONMENT\"]', '[\"group\",\"interaction\",\"wide-mid\",\"dynamic\"]', 'Wide mid-shot of {{CHARACTER_GROUP}} in {{ENVIRONMENT}}, dynamic group composition, 35mm lens', 'sketches', 1, '2025-11-03 11:21:22'),
(8, 'Point-of-View (POV) – First Person', 'Scene through character eyes', 'POV', 'EYE', 'POV', '[\"CHARACTER\"]', '[\"pov\",\"first-person\",\"immersive\"]', 'First person POV from {{CHARACTER}} perspective, immersive view, slight motion blur', 'sketches', 1, '2025-11-03 11:21:22'),
(9, 'Insert Shot – Object Action', 'Focus on prop being used', 'INSERT', 'EYE', 'CLOSE', '[\"PROP\"]', '[\"insert\",\"prop\",\"action\",\"detail\"]', 'Insert shot of {{PROP}}, action detail, shallow depth of field, cinematic focus', 'sketches', 1, '2025-11-03 11:21:22'),
(10, 'Tracking Shot – Walk', 'Character walks through location', 'TRACKING', 'EYE', 'MEDIUM', '[\"CHARACTER\",\"ENVIRONMENT\"]', '[\"tracking\",\"walk\",\"movement\",\"establishing\"]', 'Tracking shot following {{CHARACTER}} through {{ENVIRONMENT}}, continuous motion, cinematic movement', 'sketches', 1, '2025-11-03 11:21:22'),
(11, 'Crane Shot – Reveal', 'Camera lifts to reveal larger scene', 'CRANE', 'HIGH', 'WIDE', '[\"ENVIRONMENT\"]', '[\"crane\",\"reveal\",\"aerial\",\"scope\"]', 'Crane shot revealing {{ENVIRONMENT}}, ascending camera movement, epic reveal', 'sketches', 1, '2025-11-03 11:21:22'),
(12, 'Dutch Angle – Disorientation', 'World feels off-balance', 'DUTCH', 'SLIGHT_DUTCH', 'MEDIUM', '[\"CHARACTER\",\"ENVIRONMENT\"]', '[\"dutch\",\"tilt\",\"tension\",\"unsettling\"]', 'Dutch angle of {{CHARACTER}} in {{ENVIRONMENT}}, 20-degree tilt, unsettling composition', 'sketches', 1, '2025-11-03 11:21:22'),
(13, 'Overhead Shot – Map View', 'Birds-eye view of location', 'OVERHEAD', 'TOP', 'OVERHEAD', '[\"ENVIRONMENT\"]', '[\"overhead\",\"map\",\"strategy\",\"layout\"]', 'Top-down overhead view of {{ENVIRONMENT}}, orthographic perspective, strategic layout', 'sketches', 1, '2025-11-03 11:21:22'),
(14, 'Medium Shot – Action Cut-In', 'Character mid-action', 'INSERT', 'LOW', 'MEDIUM', '[\"CHARACTER\",\"PROP\"]', '[\"action\",\"cut-in\",\"medium\",\"dynamic\"]', 'Medium shot of {{CHARACTER}} with {{PROP}}, dynamic action pose, motion emphasis', 'sketches', 1, '2025-11-03 11:21:22'),
(15, 'Silhouette – Backlit', 'Characters as dark shapes against light', 'SILHOUETTE', 'EYE', 'WIDE', '[\"CHARACTER\"]', '[\"silhouette\",\"backlit\",\"mood\",\"dramatic\"]', 'Silhouette of {{CHARACTER}} against bright background, strong backlight, dramatic contrast', 'sketches', 1, '2025-11-03 11:21:22'),
(16, 'Reflection Shot – Mirror/Water', 'Scene through reflective surface', 'REFLECTION', 'EYE', 'MEDIUM', '[\"CHARACTER\",\"ENVIRONMENT\"]', '[\"reflection\",\"mirror\",\"water\",\"metaphor\"]', 'Reflection shot of {{CHARACTER}} in {{ENVIRONMENT}}, mirror or water surface, subtle distortion', 'sketches', 1, '2025-11-03 11:21:22'),
(17, 'Slow-Motion Close-Up – Impact', 'Key moment slowed for emphasis', 'SLOW_MO', 'EYE', 'EXTREME_CLOSE', '[\"DETAIL\"]', '[\"slow-mo\",\"impact\",\"detail\",\"dramatic\"]', 'Slow motion extreme close-up of {{DETAIL}}, high frame rate, impact moment', 'sketches', 1, '2025-11-03 11:21:22'),
(18, 'Rooftop – Wide Panorama', 'Characters on height looking out', 'ESTABLISHING', 'HIGH', 'WIDE', '[\"CHARACTER\",\"ENVIRONMENT\"]', '[\"rooftop\",\"panorama\",\"height\",\"exposure\"]', 'Wide panoramic shot, {{CHARACTER}} on rooftop overlooking {{ENVIRONMENT}}, sense of scale', 'sketches', 1, '2025-11-03 11:21:22'),
(19, 'Scene with Many Characters', 'Crowded scene with multiple people', 'TWO_SHOT', 'EYE', 'WIDE', '[\"CHARACTER_GROUP\",\"ENVIRONMENT\"]', '[\"crowd\",\"busy\",\"ensemble\",\"scene\"]', 'Wide shot of multiple characters in {{ENVIRONMENT}}, bustling scene composition, ensemble cast', 'sketches', 1, '2025-11-03 11:21:22'),
(20, 'Close-Up of Two Persons', 'Intimate two-person close frame', 'CLOSE_UP', 'EYE', 'CLOSE', '[\"CHARACTER\",\"CHARACTER\"]', '[\"intimate\",\"close\",\"two-person\",\"emotion\"]', 'Close framing of {{CHARACTER_1}} and {{CHARACTER_2}}, intimate proximity, emotional connection', 'sketches', 1, '2025-11-03 11:21:22'),
(21, 'Group discussion', 'A group is discussing a topic', '', 'DUTCH', 'WIDE', '[\"ENVIRONMENT\"]', '[\"tag1\", \"tag2\"]', '', 'sketches', 1, '2025-11-23 19:40:01'),
(22, 'Dutch pov establishing', 'Is an example for odd perspective', 'ESTABLISHING', 'DUTCH', 'POV', '[\"ENVIRONMENT\"]', '[\"tag1\", \"tag2\"]', '', 'sketches', 1, '2025-11-23 19:48:13');

--
-- Daten für Tabelle `spawn_types`
--

INSERT INTO `spawn_types` (`id`, `code`, `label`, `description`, `gallery_view`, `upload_enabled`, `batch_import_enabled`, `sort_order`, `active`, `created_at`) VALUES
(1, 'default', 'Default Spawns', 'Standard uploaded images for img2img and presentation', 'v_gallery_spawns', 1, 1, 1, 1, '2025-10-07 12:54:52'),
(2, 'reference', 'Reference Images', 'High-quality reference images for style matching', 'v_gallery_spawns_reference', 1, 1, 2, 1, '2025-10-07 12:54:52'),
(3, 'texture', 'Texture Library', 'Seamless textures and patterns', 'v_gallery_spawns_texture', 1, 1, 3, 0, '2025-10-07 12:54:52'),
(4, 'location', 'Location Library', 'Real-world or fictional locations', 'v_gallery_spawns_location', 1, 1, 4, 1, '2025-11-19 23:53:13'),
(5, 'prop', 'Prop Library', 'Objects, gear, and props for scenes', 'v_gallery_spawns_prop', 1, 1, 5, 1, '2025-11-19 23:53:13');

--
-- Daten für Tabelle `styles`
--

INSERT INTO `styles` (`id`, `active`, `visible`, `name`, `order`, `description`, `keywords`, `color_tone`, `created_at`, `updated_at`) VALUES
(3, 0, 1, 'anime studio J.C. Staff style (J.C. Staff)', 1, 'Balanced, polished commercial anime; realistic proportions; works well for school-life, romance, and comedy.', 'clean lineart, balanced proportions, soft colors, polished, natural character expressions, smooth shading', 'soft, natural, vibrant', '2025-09-01 12:54:00', '2025-11-06 13:37:32'),
(6, 0, 1, 'anime studio Sunrise style (Sunrise)', 1, 'Epic mecha & sci-fi storytelling; large-scale environments; colorful, iconic character design.', 'detailed sci-fi architecture, bold character design, vibrant colors, dynamic composition, futuristic technology', 'vibrant, epic, futuristic', '2025-09-01 12:54:00', '2025-11-03 23:02:07'),
(11, 0, 1, 'anime studio CLAMP style (CLAMP)', 1, 'Elegant and stylized manga-inspired lines; fantasy and romance; ornate and flowing character designs.', 'elegant lineart, flowing hair and clothing, delicate proportions, fantasy elements, expressive eyes, intricate detail', 'delicate, flowing, pastel', '2025-09-01 12:54:00', '2025-11-06 13:37:33'),
(12, 0, 1, 'anime studio Kyoto Animation style (Kyoto Animation)', 1, 'Soft, polished, emotionally resonant; expressive faces and body language; detailed, vibrant backgrounds.', 'smooth cel-shading, cinematic lighting, warm atmosphere, expressive characters, lush backgrounds, consistent proportions', 'warm, soft, vibrant', '2025-09-01 12:54:00', '2025-11-06 13:27:46'),
(13, 0, 1, 'Realistic', 1, 'Three-point lighting with a softbox flash, creating a dramatic effect. Photo has a depth of field. Highly detailed, hyper-realistic, 8k resolution, 32k resolution, masterpiece', NULL, NULL, '2025-09-08 17:27:27', '2025-11-06 13:40:37'),
(14, 0, 1, 'anime neutral white background ', 1, 'colorful, iconic character design.', 'white canvas, white background, bold character design, vibrant colors', 'vibrant, epic', '2025-09-01 12:54:00', '2025-11-10 19:05:30'),
(15, 0, 1, 'counterfeit', 2, 'counterfeit style', '', '', '2025-09-01 10:54:00', '2025-10-23 23:00:49'),
(16, 0, 1, 'anything', 2, 'anything style', '', '', '2025-09-01 10:54:00', '2025-11-06 13:27:34'),
(17, 0, 1, 'maturemalemix', 2, 'maturemalemix style', '', '', '2025-09-01 10:54:00', '2025-09-24 14:24:33'),
(18, 0, 1, 'cetus', 2, 'cetus coda style', '', '', '2025-09-01 10:54:00', '2025-09-24 14:24:33'),
(19, 0, 1, 'meina mix', 2, 'meina mix style', '', '', '2025-09-01 10:54:00', '2025-11-27 12:45:05'),
(20, 0, 1, 'cominoir2', 2, 'cominoir2 style', '', '', '2025-09-01 10:54:00', '2025-10-24 15:52:17'),
(21, 0, 1, 'LCM SDXL', 2, '', '', '', '2025-09-01 10:54:00', '2025-10-24 11:39:15'),
(22, 0, 1, 'LCM animagine xl', 2, '', '', '', '2025-09-01 10:54:00', '2025-10-24 11:39:23'),
(23, 0, 1, 'LCM dreamshaper v7', 2, '', '', '', '2025-09-01 10:54:00', '2025-11-10 19:05:33'),
(24, 1, 1, 'nanobanana pollinations', 2, '', '', '', '2025-10-08 10:58:40', '2025-11-27 12:45:09'),
(25, 0, 1, 'nanobanana freepik', 2, '', '', '', '2025-10-08 10:58:40', '2025-11-05 12:53:49'),
(26, 0, 1, 'LCM animagine xl3.1', 2, '', '', '', '2025-09-01 10:54:00', '2025-10-27 20:35:56');

--
-- Daten für Tabelle `style_profile_config`
--

INSERT INTO `style_profile_config` (`id`, `config_key`, `config_value`, `updated_at`) VALUES
(1, 'axes_generator_config_id', '777af2baa9d8360fb01e6337368880c9', '2025-11-11 11:10:21'),
(2, 'polish_generator_config_id', '623ce189ac2ede98c2d60c24c0d814e2', '2025-11-28 13:08:22');
COMMIT;

/*!40101 SET CHARACTER_SET_CLIENT=@OLD_CHARACTER_SET_CLIENT */;
/*!40101 SET CHARACTER_SET_RESULTS=@OLD_CHARACTER_SET_RESULTS */;
/*!40101 SET COLLATION_CONNECTION=@OLD_COLLATION_CONNECTION */;
